Id,price
25660,30000.0
25661,40000.0
25662,50000.0
25663,35000.0
25664,100000.0
25665,92000.0
25666,10000.0
25667,10000.0
25668,10000.0
25669,10000.0
25670,10000.0
25671,10000.0
25672,10000.0
25673,10000.0
25674,10000.0
25675,10000.0
25676,10000.0
25677,10000.0
25678,10000.0
25679,10000.0
25680,10000.0
25681,10000.0
25682,10000.0
25683,10000.0
25684,10000.0
25685,10000.0
25686,10000.0
25687,10000.0
25688,10000.0
25689,10000.0
25690,10000.0
25691,10000.0
25692,10000.0
25693,10000.0
25694,10000.0
25695,10000.0
25696,10000.0
25697,10000.0
25698,10000.0
25699,10000.0
25700,10000.0
25701,10000.0
25702,10000.0
25703,10000.0
25704,10000.0
25705,10000.0
25706,10000.0
25707,10000.0
25708,10000.0
25709,10000.0
25710,10000.0
25711,10000.0
25712,10000.0
25713,10000.0
25714,10000.0
25715,10000.0
25716,10000.0
25717,10000.0
25718,10000.0
25719,10000.0
25720,10000.0
25721,10000.0
25722,10000.0
25723,10000.0
25724,10000.0
25725,10000.0
25726,10000.0
25727,10000.0
25728,10000.0
25729,10000.0
25730,10000.0
25731,10000.0
25732,10000.0
25733,10000.0
25734,10000.0
25735,10000.0
25736,10000.0
25737,10000.0
25738,10000.0
25739,10000.0
25740,10000.0
25741,10000.0
25742,10000.0
25743,10000.0
25744,10000.0
25745,10000.0
25746,10000.0
25747,10000.0
25748,10000.0
25749,10000.0
25750,10000.0
25751,10000.0
25752,10000.0
25753,10000.0
25754,10000.0
25755,10000.0
25756,10000.0
25757,10000.0
25758,10000.0
25759,10000.0
25760,10000.0
25761,10000.0
25762,10000.0
25763,10000.0
25764,10000.0
25765,10000.0
25766,10000.0
25767,10000.0
25768,10000.0
25769,10000.0
25770,10000.0
25771,10000.0
25772,10000.0
25773,10000.0
25774,10000.0
25775,10000.0
25776,10000.0
25777,10000.0
25778,10000.0
25779,10000.0
25780,10000.0
25781,10000.0
25782,10000.0
25783,10000.0
25784,10000.0
25785,10000.0
25786,10000.0
25787,10000.0
25788,10000.0
25789,10000.0
25790,10000.0
25791,10000.0
25792,10000.0
25793,10000.0
25794,10000.0
25795,10000.0
25796,10000.0
25797,10000.0
25798,10000.0
25799,10000.0
25800,10000.0
25801,10000.0
25802,10000.0
25803,10000.0
25804,10000.0
25805,10000.0
25806,10000.0
25807,10000.0
25808,10000.0
25809,10000.0
25810,10000.0
25811,10000.0
25812,10000.0
25813,10000.0
25814,10000.0
25815,10000.0
25816,10000.0
25817,10000.0
25818,10000.0
25819,10000.0
25820,10000.0
25821,10000.0
25822,10000.0
25823,10000.0
25824,10000.0
25825,10000.0
25826,10000.0
25827,10000.0
25828,10000.0
25829,10000.0
25830,10000.0
25831,10000.0
25832,10000.0
25833,10000.0
25834,10000.0
25835,10000.0
25836,10000.0
25837,10000.0
25838,10000.0
25839,10000.0
25840,10000.0
25841,10000.0
25842,10000.0
25843,10000.0
25844,10000.0
25845,10000.0
25846,10000.0
25847,10000.0
25848,10000.0
25849,10000.0
25850,10000.0
25851,10000.0
25852,10000.0
25853,10000.0
25854,10000.0
25855,10000.0
25856,10000.0
25857,10000.0
25858,10000.0
25859,10000.0
25860,10000.0
25861,10000.0
25862,10000.0
25863,10000.0
25864,10000.0
25865,10000.0
25866,10000.0
25867,10000.0
25868,10000.0
25869,10000.0
25870,10000.0
25871,10000.0
25872,10000.0
25873,10000.0
25874,10000.0
25875,10000.0
25876,10000.0
25877,10000.0
25878,10000.0
25879,10000.0
25880,10000.0
25881,10000.0
25882,10000.0
25883,10000.0
25884,10000.0
25885,10000.0
25886,10000.0
25887,10000.0
25888,10000.0
25889,10000.0
25890,10000.0
25891,10000.0
25892,10000.0
25893,10000.0
25894,10000.0
25895,10000.0
25896,10000.0
25897,10000.0
25898,10000.0
25899,10000.0
25900,10000.0
25901,10000.0
25902,10000.0
25903,10000.0
25904,10000.0
25905,10000.0
25906,10000.0
25907,10000.0
25908,10000.0
25909,10000.0
25910,10000.0
25911,10000.0
25912,10000.0
25913,10000.0
25914,10000.0
25915,10000.0
25916,10000.0
25917,10000.0
25918,10000.0
25919,10000.0
25920,10000.0
25921,10000.0
25922,10000.0
25923,10000.0
25924,10000.0
25925,10000.0
25926,10000.0
25927,10000.0
25928,10000.0
25929,10000.0
25930,10000.0
25931,10000.0
25932,10000.0
25933,10000.0
25934,10000.0
25935,10000.0
25936,10000.0
25937,10000.0
25938,10000.0
25939,10000.0
25940,10000.0
25941,10000.0
25942,10000.0
25943,10000.0
25944,10000.0
25945,10000.0
25946,10000.0
25947,10000.0
25948,10000.0
25949,10000.0
25950,10000.0
25951,10000.0
25952,10000.0
25953,10000.0
25954,10000.0
25955,10000.0
25956,10000.0
25957,10000.0
25958,10000.0
25959,10000.0
25960,10000.0
25961,10000.0
25962,10000.0
25963,10000.0
25964,10000.0
25965,10000.0
25966,10000.0
25967,10000.0
25968,10000.0
25969,10000.0
25970,10000.0
25971,10000.0
25972,10000.0
25973,10000.0
25974,10000.0
25975,10000.0
25976,10000.0
25977,10000.0
25978,10000.0
25979,10000.0
25980,10000.0
25981,10000.0
25982,10000.0
25983,10000.0
25984,10000.0
25985,10000.0
25986,10000.0
25987,10000.0
25988,10000.0
25989,10000.0
25990,10000.0
25991,10000.0
25992,10000.0
25993,10000.0
25994,10000.0
25995,10000.0
25996,10000.0
25997,10000.0
25998,10000.0
25999,10000.0
26000,10000.0
26001,10000.0
26002,10000.0
26003,10000.0
26004,10000.0
26005,10000.0
26006,10000.0
26007,10000.0
26008,10000.0
26009,10000.0
26010,10000.0
26011,10000.0
26012,10000.0
26013,10000.0
26014,10000.0
26015,10000.0
26016,10000.0
26017,10000.0
26018,10000.0
26019,10000.0
26020,10000.0
26021,10000.0
26022,10000.0
26023,10000.0
26024,10000.0
26025,10000.0
26026,10000.0
26027,10000.0
26028,10000.0
26029,10000.0
26030,10000.0
26031,10000.0
26032,10000.0
26033,10000.0
26034,10000.0
26035,10000.0
26036,10000.0
26037,10000.0
26038,10000.0
26039,10000.0
26040,10000.0
26041,10000.0
26042,10000.0
26043,10000.0
26044,10000.0
26045,10000.0
26046,10000.0
26047,10000.0
26048,10000.0
26049,10000.0
26050,10000.0
26051,10000.0
26052,10000.0
26053,10000.0
26054,10000.0
26055,10000.0
26056,10000.0
26057,10000.0
26058,10000.0
26059,10000.0
26060,10000.0
26061,10000.0
26062,10000.0
26063,10000.0
26064,10000.0
26065,10000.0
26066,10000.0
26067,10000.0
26068,10000.0
26069,10000.0
26070,10000.0
26071,10000.0
26072,10000.0
26073,10000.0
26074,10000.0
26075,10000.0
26076,10000.0
26077,10000.0
26078,10000.0
26079,10000.0
26080,10000.0
26081,10000.0
26082,10000.0
26083,10000.0
26084,10000.0
26085,10000.0
26086,10000.0
26087,10000.0
26088,10000.0
26089,10000.0
26090,10000.0
26091,10000.0
26092,10000.0
26093,10000.0
26094,10000.0
26095,10000.0
26096,10000.0
26097,10000.0
26098,10000.0
26099,10000.0
26100,10000.0
26101,10000.0
26102,10000.0
26103,10000.0
26104,10000.0
26105,10000.0
26106,10000.0
26107,10000.0
26108,10000.0
26109,10000.0
26110,10000.0
26111,10000.0
26112,10000.0
26113,10000.0
26114,10000.0
26115,10000.0
26116,10000.0
26117,10000.0
26118,10000.0
26119,10000.0
26120,10000.0
26121,10000.0
26122,10000.0
26123,10000.0
26124,10000.0
26125,10000.0
26126,10000.0
26127,10000.0
26128,10000.0
26129,10000.0
26130,10000.0
26131,10000.0
26132,10000.0
26133,10000.0
26134,10000.0
26135,10000.0
26136,10000.0
26137,10000.0
26138,10000.0
26139,10000.0
26140,10000.0
26141,10000.0
26142,10000.0
26143,10000.0
26144,10000.0
26145,10000.0
26146,10000.0
26147,10000.0
26148,10000.0
26149,10000.0
26150,10000.0
26151,10000.0
26152,10000.0
26153,10000.0
26154,10000.0
26155,10000.0
26156,10000.0
26157,10000.0
26158,10000.0
26159,10000.0
26160,10000.0
26161,10000.0
26162,10000.0
26163,10000.0
26164,10000.0
26165,10000.0
26166,10000.0
26167,10000.0
26168,10000.0
26169,10000.0
26170,10000.0
26171,10000.0
26172,10000.0
26173,10000.0
26174,10000.0
26175,10000.0
26176,10000.0
26177,10000.0
26178,10000.0
26179,10000.0
26180,10000.0
26181,10000.0
26182,10000.0
26183,10000.0
26184,10000.0
26185,10000.0
26186,10000.0
26187,10000.0
26188,10000.0
26189,10000.0
26190,10000.0
26191,10000.0
26192,10000.0
26193,10000.0
26194,10000.0
26195,10000.0
26196,10000.0
26197,10000.0
26198,10000.0
26199,10000.0
26200,10000.0
26201,10000.0
26202,10000.0
26203,10000.0
26204,10000.0
26205,10000.0
26206,10000.0
26207,10000.0
26208,10000.0
26209,10000.0
26210,10000.0
26211,10000.0
26212,10000.0
26213,10000.0
26214,10000.0
26215,10000.0
26216,10000.0
26217,10000.0
26218,10000.0
26219,10000.0
26220,10000.0
26221,10000.0
26222,10000.0
26223,10000.0
26224,10000.0
26225,10000.0
26226,10000.0
26227,10000.0
26228,10000.0
26229,10000.0
26230,10000.0
26231,10000.0
26232,10000.0
26233,10000.0
26234,10000.0
26235,10000.0
26236,10000.0
26237,10000.0
26238,10000.0
26239,10000.0
26240,10000.0
26241,10000.0
26242,10000.0
26243,10000.0
26244,10000.0
26245,10000.0
26246,10000.0
26247,10000.0
26248,10000.0
26249,10000.0
26250,10000.0
26251,10000.0
26252,10000.0
26253,10000.0
26254,10000.0
26255,10000.0
26256,10000.0
26257,10000.0
26258,10000.0
26259,10000.0
26260,10000.0
26261,10000.0
26262,10000.0
26263,10000.0
26264,10000.0
26265,10000.0
26266,10000.0
26267,10000.0
26268,10000.0
26269,10000.0
26270,10000.0
26271,10000.0
26272,10000.0
26273,10000.0
26274,10000.0
26275,10000.0
26276,10000.0
26277,10000.0
26278,10000.0
26279,10000.0
26280,10000.0
26281,10000.0
26282,10000.0
26283,10000.0
26284,10000.0
26285,10000.0
26286,10000.0
26287,10000.0
26288,10000.0
26289,10000.0
26290,10000.0
26291,10000.0
26292,10000.0
26293,10000.0
26294,10000.0
26295,10000.0
26296,10000.0
26297,10000.0
26298,10000.0
26299,10000.0
26300,10000.0
26301,10000.0
26302,10000.0
26303,10000.0
26304,10000.0
26305,10000.0
26306,10000.0
26307,10000.0
26308,10000.0
26309,10000.0
26310,10000.0
26311,10000.0
26312,10000.0
26313,10000.0
26314,10000.0
26315,10000.0
26316,10000.0
26317,10000.0
26318,10000.0
26319,10000.0
26320,10000.0
26321,10000.0
26322,10000.0
26323,10000.0
26324,10000.0
26325,10000.0
26326,10000.0
26327,10000.0
26328,10000.0
26329,10000.0
26330,10000.0
26331,10000.0
26332,10000.0
26333,10000.0
26334,10000.0
26335,10000.0
26336,10000.0
26337,10000.0
26338,10000.0
26339,10000.0
26340,10000.0
26341,10000.0
26342,10000.0
26343,10000.0
26344,10000.0
26345,10000.0
26346,10000.0
26347,10000.0
26348,10000.0
26349,10000.0
26350,10000.0
26351,10000.0
26352,10000.0
26353,10000.0
26354,10000.0
26355,10000.0
26356,10000.0
26357,10000.0
26358,10000.0
26359,10000.0
26360,10000.0
26361,10000.0
26362,10000.0
26363,10000.0
26364,10000.0
26365,10000.0
26366,10000.0
26367,10000.0
26368,10000.0
26369,10000.0
26370,10000.0
26371,10000.0
26372,10000.0
26373,10000.0
26374,10000.0
26375,10000.0
26376,10000.0
26377,10000.0
26378,10000.0
26379,10000.0
26380,10000.0
26381,10000.0
26382,10000.0
26383,10000.0
26384,10000.0
26385,10000.0
26386,10000.0
26387,10000.0
26388,10000.0
26389,10000.0
26390,10000.0
26391,10000.0
26392,10000.0
26393,10000.0
26394,10000.0
26395,10000.0
26396,10000.0
26397,10000.0
26398,10000.0
26399,10000.0
26400,10000.0
26401,10000.0
26402,10000.0
26403,10000.0
26404,10000.0
26405,10000.0
26406,10000.0
26407,10000.0
26408,10000.0
26409,10000.0
26410,10000.0
26411,10000.0
26412,10000.0
26413,10000.0
26414,10000.0
26415,10000.0
26416,10000.0
26417,10000.0
26418,10000.0
26419,10000.0
26420,10000.0
26421,10000.0
26422,10000.0
26423,10000.0
26424,10000.0
26425,10000.0
26426,10000.0
26427,10000.0
26428,10000.0
26429,10000.0
26430,10000.0
26431,10000.0
26432,10000.0
26433,10000.0
26434,10000.0
26435,10000.0
26436,10000.0
26437,10000.0
26438,10000.0
26439,10000.0
26440,10000.0
26441,10000.0
26442,10000.0
26443,10000.0
26444,10000.0
26445,10000.0
26446,10000.0
26447,10000.0
26448,10000.0
26449,10000.0
26450,10000.0
26451,10000.0
26452,10000.0
26453,10000.0
26454,10000.0
26455,10000.0
26456,10000.0
26457,10000.0
26458,10000.0
26459,10000.0
26460,10000.0
26461,10000.0
26462,10000.0
26463,10000.0
26464,10000.0
26465,10000.0
26466,10000.0
26467,10000.0
26468,10000.0
26469,10000.0
26470,10000.0
26471,10000.0
26472,10000.0
26473,10000.0
26474,10000.0
26475,10000.0
26476,10000.0
26477,10000.0
26478,10000.0
26479,10000.0
26480,10000.0
26481,10000.0
26482,10000.0
26483,10000.0
26484,10000.0
26485,10000.0
26486,10000.0
26487,10000.0
26488,10000.0
26489,10000.0
26490,10000.0
26491,10000.0
26492,10000.0
26493,10000.0
26494,10000.0
26495,10000.0
26496,10000.0
26497,10000.0
26498,10000.0
26499,10000.0
26500,10000.0
26501,10000.0
26502,10000.0
26503,10000.0
26504,10000.0
26505,10000.0
26506,10000.0
26507,10000.0
26508,10000.0
26509,10000.0
26510,10000.0
26511,10000.0
26512,10000.0
26513,10000.0
26514,10000.0
26515,10000.0
26516,10000.0
26517,10000.0
26518,10000.0
26519,10000.0
26520,10000.0
26521,10000.0
26522,10000.0
26523,10000.0
26524,10000.0
26525,10000.0
26526,10000.0
26527,10000.0
26528,10000.0
26529,10000.0
26530,10000.0
26531,10000.0
26532,10000.0
26533,10000.0
26534,10000.0
26535,10000.0
26536,10000.0
26537,10000.0
26538,10000.0
26539,10000.0
26540,10000.0
26541,10000.0
26542,10000.0
26543,10000.0
26544,10000.0
26545,10000.0
26546,10000.0
26547,10000.0
26548,10000.0
26549,10000.0
26550,10000.0
26551,10000.0
26552,10000.0
26553,10000.0
26554,10000.0
26555,10000.0
26556,10000.0
26557,10000.0
26558,10000.0
26559,10000.0
26560,10000.0
26561,10000.0
26562,10000.0
26563,10000.0
26564,10000.0
26565,10000.0
26566,10000.0
26567,10000.0
26568,10000.0
26569,10000.0
26570,10000.0
26571,10000.0
26572,10000.0
26573,10000.0
26574,10000.0
26575,10000.0
26576,10000.0
26577,10000.0
26578,10000.0
26579,10000.0
26580,10000.0
26581,10000.0
26582,10000.0
26583,10000.0
26584,10000.0
26585,10000.0
26586,10000.0
26587,10000.0
26588,10000.0
26589,10000.0
26590,10000.0
26591,10000.0
26592,10000.0
26593,10000.0
26594,10000.0
26595,10000.0
26596,10000.0
26597,10000.0
26598,10000.0
26599,10000.0
26600,10000.0
26601,10000.0
26602,10000.0
26603,10000.0
26604,10000.0
26605,10000.0
26606,10000.0
26607,10000.0
26608,10000.0
26609,10000.0
26610,10000.0
26611,10000.0
26612,10000.0
26613,10000.0
26614,10000.0
26615,10000.0
26616,10000.0
26617,10000.0
26618,10000.0
26619,10000.0
26620,10000.0
26621,10000.0
26622,10000.0
26623,10000.0
26624,10000.0
26625,10000.0
26626,10000.0
26627,10000.0
26628,10000.0
26629,10000.0
26630,10000.0
26631,10000.0
26632,10000.0
26633,10000.0
26634,10000.0
26635,10000.0
26636,10000.0
26637,10000.0
26638,10000.0
26639,10000.0
26640,10000.0
26641,10000.0
26642,10000.0
26643,10000.0
26644,10000.0
26645,10000.0
26646,10000.0
26647,10000.0
26648,10000.0
26649,10000.0
26650,10000.0
26651,10000.0
26652,10000.0
26653,10000.0
26654,10000.0
26655,10000.0
26656,10000.0
26657,10000.0
26658,10000.0
26659,10000.0
26660,10000.0
26661,10000.0
26662,10000.0
26663,10000.0
26664,10000.0
26665,10000.0
26666,10000.0
26667,10000.0
26668,10000.0
26669,10000.0
26670,10000.0
26671,10000.0
26672,10000.0
26673,10000.0
26674,10000.0
26675,10000.0
26676,10000.0
26677,10000.0
26678,10000.0
26679,10000.0
26680,10000.0
26681,10000.0
26682,10000.0
26683,10000.0
26684,10000.0
26685,10000.0
26686,10000.0
26687,10000.0
26688,10000.0
26689,10000.0
26690,10000.0
26691,10000.0
26692,10000.0
26693,10000.0
26694,10000.0
26695,10000.0
26696,10000.0
26697,10000.0
26698,10000.0
26699,10000.0
26700,10000.0
26701,10000.0
26702,10000.0
26703,10000.0
26704,10000.0
26705,10000.0
26706,10000.0
26707,10000.0
26708,10000.0
26709,10000.0
26710,10000.0
26711,10000.0
26712,10000.0
26713,10000.0
26714,10000.0
26715,10000.0
26716,10000.0
26717,10000.0
26718,10000.0
26719,10000.0
26720,10000.0
26721,10000.0
26722,10000.0
26723,10000.0
26724,10000.0
26725,10000.0
26726,10000.0
26727,10000.0
26728,10000.0
26729,10000.0
26730,10000.0
26731,10000.0
26732,10000.0
26733,10000.0
26734,10000.0
26735,10000.0
26736,10000.0
26737,10000.0
26738,10000.0
26739,10000.0
26740,10000.0
26741,10000.0
26742,10000.0
26743,10000.0
26744,10000.0
26745,10000.0
26746,10000.0
26747,10000.0
26748,10000.0
26749,10000.0
26750,10000.0
26751,10000.0
26752,10000.0
26753,10000.0
26754,10000.0
26755,10000.0
26756,10000.0
26757,10000.0
26758,10000.0
26759,10000.0
26760,10000.0
26761,10000.0
26762,10000.0
26763,10000.0
26764,10000.0
26765,10000.0
26766,10000.0
26767,10000.0
26768,10000.0
26769,10000.0
26770,10000.0
26771,10000.0
26772,10000.0
26773,10000.0
26774,10000.0
26775,10000.0
26776,10000.0
26777,10000.0
26778,10000.0
26779,10000.0
26780,10000.0
26781,10000.0
26782,10000.0
26783,10000.0
26784,10000.0
26785,10000.0
26786,10000.0
26787,10000.0
26788,10000.0
26789,10000.0
26790,10000.0
26791,10000.0
26792,10000.0
26793,10000.0
26794,10000.0
26795,10000.0
26796,10000.0
26797,10000.0
26798,10000.0
26799,10000.0
26800,10000.0
26801,10000.0
26802,10000.0
26803,10000.0
26804,10000.0
26805,10000.0
26806,10000.0
26807,10000.0
26808,10000.0
26809,10000.0
26810,10000.0
26811,10000.0
26812,10000.0
26813,10000.0
26814,10000.0
26815,10000.0
26816,10000.0
26817,10000.0
26818,10000.0
26819,10000.0
26820,10000.0
26821,10000.0
26822,10000.0
26823,10000.0
26824,10000.0
26825,10000.0
26826,10000.0
26827,10000.0
26828,10000.0
26829,10000.0
26830,10000.0
26831,10000.0
26832,10000.0
26833,10000.0
26834,10000.0
26835,10000.0
26836,10000.0
26837,10000.0
26838,10000.0
26839,10000.0
26840,10000.0
26841,10000.0
26842,10000.0
26843,10000.0
26844,10000.0
26845,10000.0
26846,10000.0
26847,10000.0
26848,10000.0
26849,10000.0
26850,10000.0
26851,10000.0
26852,10000.0
26853,10000.0
26854,10000.0
26855,10000.0
26856,10000.0
26857,10000.0
26858,10000.0
26859,10000.0
26860,10000.0
26861,10000.0
26862,10000.0
26863,10000.0
26864,10000.0
26865,10000.0
26866,10000.0
26867,10000.0
26868,10000.0
26869,10000.0
26870,10000.0
26871,10000.0
26872,10000.0
26873,10000.0
26874,10000.0
26875,10000.0
26876,10000.0
26877,10000.0
26878,10000.0
26879,10000.0
26880,10000.0
26881,10000.0
26882,10000.0
26883,10000.0
26884,10000.0
26885,10000.0
26886,10000.0
26887,10000.0
26888,10000.0
26889,10000.0
26890,10000.0
26891,10000.0
26892,10000.0
26893,10000.0
26894,10000.0
26895,10000.0
26896,10000.0
26897,10000.0
26898,10000.0
26899,10000.0
26900,10000.0
26901,10000.0
26902,10000.0
26903,10000.0
26904,10000.0
26905,10000.0
26906,10000.0
26907,10000.0
26908,10000.0
26909,10000.0
26910,10000.0
26911,10000.0
26912,10000.0
26913,10000.0
26914,10000.0
26915,10000.0
26916,10000.0
26917,10000.0
26918,10000.0
26919,10000.0
26920,10000.0
26921,10000.0
26922,10000.0
26923,10000.0
26924,10000.0
26925,10000.0
26926,10000.0
26927,10000.0
26928,10000.0
26929,10000.0
26930,10000.0
26931,10000.0
26932,10000.0
26933,10000.0
26934,10000.0
26935,10000.0
26936,10000.0
26937,10000.0
26938,10000.0
26939,10000.0
26940,10000.0
26941,10000.0
26942,10000.0
26943,10000.0
26944,10000.0
26945,10000.0
26946,10000.0
26947,10000.0
26948,10000.0
26949,10000.0
26950,10000.0
26951,10000.0
26952,10000.0
26953,10000.0
26954,10000.0
26955,10000.0
26956,10000.0
26957,10000.0
26958,10000.0
26959,10000.0
26960,10000.0
26961,10000.0
26962,10000.0
26963,10000.0
26964,10000.0
26965,10000.0
26966,10000.0
26967,10000.0
26968,10000.0
26969,10000.0
26970,10000.0
26971,10000.0
26972,10000.0
26973,10000.0
26974,10000.0
26975,10000.0
26976,10000.0
26977,10000.0
26978,10000.0
26979,10000.0
26980,10000.0
26981,10000.0
26982,10000.0
26983,10000.0
26984,10000.0
26985,10000.0
26986,10000.0
26987,10000.0
26988,10000.0
26989,10000.0
26990,10000.0
26991,10000.0
26992,10000.0
26993,10000.0
26994,10000.0
26995,10000.0
26996,10000.0
26997,10000.0
26998,10000.0
26999,10000.0
27000,10000.0
27001,10000.0
27002,10000.0
27003,10000.0
27004,10000.0
27005,10000.0
27006,10000.0
27007,10000.0
27008,10000.0
27009,10000.0
27010,10000.0
27011,10000.0
27012,10000.0
27013,10000.0
27014,10000.0
27015,10000.0
27016,10000.0
27017,10000.0
27018,10000.0
27019,10000.0
27020,10000.0
27021,10000.0
27022,10000.0
27023,10000.0
27024,10000.0
27025,10000.0
27026,10000.0
27027,10000.0
27028,10000.0
27029,10000.0
27030,10000.0
27031,10000.0
27032,10000.0
27033,10000.0
27034,10000.0
27035,10000.0
27036,10000.0
27037,10000.0
27038,10000.0
27039,10000.0
27040,10000.0
27041,10000.0
27042,10000.0
27043,10000.0
27044,10000.0
27045,10000.0
27046,10000.0
27047,10000.0
27048,10000.0
27049,10000.0
27050,10000.0
27051,10000.0
27052,10000.0
27053,10000.0
27054,10000.0
27055,10000.0
27056,10000.0
27057,10000.0
27058,10000.0
27059,10000.0
27060,10000.0
27061,10000.0
27062,10000.0
27063,10000.0
27064,10000.0
27065,10000.0
27066,10000.0
27067,10000.0
27068,10000.0
27069,10000.0
27070,10000.0
27071,10000.0
27072,10000.0
27073,10000.0
27074,10000.0
27075,10000.0
27076,10000.0
27077,10000.0
27078,10000.0
27079,10000.0
27080,10000.0
27081,10000.0
27082,10000.0
27083,10000.0
27084,10000.0
27085,10000.0
27086,10000.0
27087,10000.0
27088,10000.0
27089,10000.0
27090,10000.0
27091,10000.0
27092,10000.0
27093,10000.0
27094,10000.0
27095,10000.0
27096,10000.0
27097,10000.0
27098,10000.0
27099,10000.0
27100,10000.0
27101,10000.0
27102,10000.0
27103,10000.0
27104,10000.0
27105,10000.0
27106,10000.0
27107,10000.0
27108,10000.0
27109,10000.0
27110,10000.0
27111,10000.0
27112,10000.0
27113,10000.0
27114,10000.0
27115,10000.0
27116,10000.0
27117,10000.0
27118,10000.0
27119,10000.0
27120,10000.0
27121,10000.0
27122,10000.0
27123,10000.0
27124,10000.0
27125,10000.0
27126,10000.0
27127,10000.0
27128,10000.0
27129,10000.0
27130,10000.0
27131,10000.0
27132,10000.0
27133,10000.0
27134,10000.0
27135,10000.0
27136,10000.0
27137,10000.0
27138,10000.0
27139,10000.0
27140,10000.0
27141,10000.0
27142,10000.0
27143,10000.0
27144,10000.0
27145,10000.0
27146,10000.0
27147,10000.0
27148,10000.0
27149,10000.0
27150,10000.0
27151,10000.0
27152,10000.0
27153,10000.0
27154,10000.0
27155,10000.0
27156,10000.0
27157,10000.0
27158,10000.0
27159,10000.0
27160,10000.0
27161,10000.0
27162,10000.0
27163,10000.0
27164,10000.0
27165,10000.0
27166,10000.0
27167,10000.0
27168,10000.0
27169,10000.0
27170,10000.0
27171,10000.0
27172,10000.0
27173,10000.0
27174,10000.0
27175,10000.0
27176,10000.0
27177,10000.0
27178,10000.0
27179,10000.0
27180,10000.0
27181,10000.0
27182,10000.0
27183,10000.0
27184,10000.0
27185,10000.0
27186,10000.0
27187,10000.0
27188,10000.0
27189,10000.0
27190,10000.0
27191,10000.0
27192,10000.0
27193,10000.0
27194,10000.0
27195,10000.0
27196,10000.0
27197,10000.0
27198,10000.0
27199,10000.0
27200,10000.0
27201,10000.0
27202,10000.0
27203,10000.0
27204,10000.0
27205,10000.0
27206,10000.0
27207,10000.0
27208,10000.0
27209,10000.0
27210,10000.0
27211,10000.0
27212,10000.0
27213,10000.0
27214,10000.0
27215,10000.0
27216,10000.0
27217,10000.0
27218,10000.0
27219,10000.0
27220,10000.0
27221,10000.0
27222,10000.0
27223,10000.0
27224,10000.0
27225,10000.0
27226,10000.0
27227,10000.0
27228,10000.0
27229,10000.0
27230,10000.0
27231,10000.0
27232,10000.0
27233,10000.0
27234,10000.0
27235,10000.0
27236,10000.0
27237,10000.0
27238,10000.0
27239,10000.0
27240,10000.0
27241,10000.0
27242,10000.0
27243,10000.0
27244,10000.0
27245,10000.0
27246,10000.0
27247,10000.0
27248,10000.0
27249,10000.0
27250,10000.0
27251,10000.0
27252,10000.0
27253,10000.0
27254,10000.0
27255,10000.0
27256,10000.0
27257,10000.0
27258,10000.0
27259,10000.0
27260,10000.0
27261,10000.0
27262,10000.0
27263,10000.0
27264,10000.0
27265,10000.0
27266,10000.0
27267,10000.0
27268,10000.0
27269,10000.0
27270,10000.0
27271,10000.0
27272,10000.0
27273,10000.0
27274,10000.0
27275,10000.0
27276,10000.0
27277,10000.0
27278,10000.0
27279,10000.0
27280,10000.0
27281,10000.0
27282,10000.0
27283,10000.0
27284,10000.0
27285,10000.0
27286,10000.0
27287,10000.0
27288,10000.0
27289,10000.0
27290,10000.0
27291,10000.0
27292,10000.0
27293,10000.0
27294,10000.0
27295,10000.0
27296,10000.0
27297,10000.0
27298,10000.0
27299,10000.0
27300,10000.0
27301,10000.0
27302,10000.0
27303,10000.0
27304,10000.0
27305,10000.0
27306,10000.0
27307,10000.0
27308,10000.0
27309,10000.0
27310,10000.0
27311,10000.0
27312,10000.0
27313,10000.0
27314,10000.0
27315,10000.0
27316,10000.0
27317,10000.0
27318,10000.0
27319,10000.0
27320,10000.0
27321,10000.0
27322,10000.0
27323,10000.0
27324,10000.0
27325,10000.0
27326,10000.0
27327,10000.0
27328,10000.0
27329,10000.0
27330,10000.0
27331,10000.0
27332,10000.0
27333,10000.0
27334,10000.0
27335,10000.0
27336,10000.0
27337,10000.0
27338,10000.0
27339,10000.0
27340,10000.0
27341,10000.0
27342,10000.0
27343,10000.0
27344,10000.0
27345,10000.0
27346,10000.0
27347,10000.0
27348,10000.0
27349,10000.0
27350,10000.0
27351,10000.0
27352,10000.0
27353,10000.0
27354,10000.0
27355,10000.0
27356,10000.0
27357,10000.0
27358,10000.0
27359,10000.0
27360,10000.0
27361,10000.0
27362,10000.0
27363,10000.0
27364,10000.0
27365,10000.0
27366,10000.0
27367,10000.0
27368,10000.0
27369,10000.0
27370,10000.0
27371,10000.0
27372,10000.0
27373,10000.0
27374,10000.0
27375,10000.0
27376,10000.0
27377,10000.0
27378,10000.0
27379,10000.0
27380,10000.0
27381,10000.0
27382,10000.0
27383,10000.0
27384,10000.0
27385,10000.0
27386,10000.0
27387,10000.0
27388,10000.0
27389,10000.0
27390,10000.0
27391,10000.0
27392,10000.0
27393,10000.0
27394,10000.0
27395,10000.0
27396,10000.0
27397,10000.0
27398,10000.0
27399,10000.0
27400,10000.0
27401,10000.0
27402,10000.0
27403,10000.0
27404,10000.0
27405,10000.0
27406,10000.0
27407,10000.0
27408,10000.0
27409,10000.0
27410,10000.0
27411,10000.0
27412,10000.0
27413,10000.0
27414,10000.0
27415,10000.0
27416,10000.0
27417,10000.0
27418,10000.0
27419,10000.0
27420,10000.0
27421,10000.0
27422,10000.0
27423,10000.0
27424,10000.0
27425,10000.0
27426,10000.0
27427,10000.0
27428,10000.0
27429,10000.0
27430,10000.0
27431,10000.0
27432,10000.0
27433,10000.0
27434,10000.0
27435,10000.0
27436,10000.0
27437,10000.0
27438,10000.0
27439,10000.0
27440,10000.0
27441,10000.0
27442,10000.0
27443,10000.0
27444,10000.0
27445,10000.0
27446,10000.0
27447,10000.0
27448,10000.0
27449,10000.0
27450,10000.0
27451,10000.0
27452,10000.0
27453,10000.0
27454,10000.0
27455,10000.0
27456,10000.0
27457,10000.0
27458,10000.0
27459,10000.0
27460,10000.0
27461,10000.0
27462,10000.0
27463,10000.0
27464,10000.0
27465,10000.0
27466,10000.0
27467,10000.0
27468,10000.0
27469,10000.0
27470,10000.0
27471,10000.0
27472,10000.0
27473,10000.0
27474,10000.0
27475,10000.0
27476,10000.0
27477,10000.0
27478,10000.0
27479,10000.0
27480,10000.0
27481,10000.0
27482,10000.0
27483,10000.0
27484,10000.0
27485,10000.0
27486,10000.0
27487,10000.0
27488,10000.0
27489,10000.0
27490,10000.0
27491,10000.0
27492,10000.0
27493,10000.0
27494,10000.0
27495,10000.0
27496,10000.0
27497,10000.0
27498,10000.0
27499,10000.0
27500,10000.0
27501,10000.0
27502,10000.0
27503,10000.0
27504,10000.0
27505,10000.0
27506,10000.0
27507,10000.0
27508,10000.0
27509,10000.0
27510,10000.0
27511,10000.0
27512,10000.0
27513,10000.0
27514,10000.0
27515,10000.0
27516,10000.0
27517,10000.0
27518,10000.0
27519,10000.0
27520,10000.0
27521,10000.0
27522,10000.0
27523,10000.0
27524,10000.0
27525,10000.0
27526,10000.0
27527,10000.0
27528,10000.0
27529,10000.0
27530,10000.0
27531,10000.0
27532,10000.0
27533,10000.0
27534,10000.0
27535,10000.0
27536,10000.0
27537,10000.0
27538,10000.0
27539,10000.0
27540,10000.0
27541,10000.0
27542,10000.0
27543,10000.0
27544,10000.0
27545,10000.0
27546,10000.0
27547,10000.0
27548,10000.0
27549,10000.0
27550,10000.0
27551,10000.0
27552,10000.0
27553,10000.0
27554,10000.0
27555,10000.0
27556,10000.0
27557,10000.0
27558,10000.0
27559,10000.0
27560,10000.0
27561,10000.0
27562,10000.0
27563,10000.0
27564,10000.0
27565,10000.0
27566,10000.0
27567,10000.0
27568,10000.0
27569,10000.0
27570,10000.0
27571,10000.0
27572,10000.0
27573,10000.0
27574,10000.0
27575,10000.0
27576,10000.0
27577,10000.0
27578,10000.0
27579,10000.0
27580,10000.0
27581,10000.0
27582,10000.0
27583,10000.0
27584,10000.0
27585,10000.0
27586,10000.0
27587,10000.0
27588,10000.0
27589,10000.0
27590,10000.0
27591,10000.0
27592,10000.0
27593,10000.0
27594,10000.0
27595,10000.0
27596,10000.0
27597,10000.0
27598,10000.0
27599,10000.0
27600,10000.0
27601,10000.0
27602,10000.0
27603,10000.0
27604,10000.0
27605,10000.0
27606,10000.0
27607,10000.0
27608,10000.0
27609,10000.0
27610,10000.0
27611,10000.0
27612,10000.0
27613,10000.0
27614,10000.0
27615,10000.0
27616,10000.0
27617,10000.0
27618,10000.0
27619,10000.0
27620,10000.0
27621,10000.0
27622,10000.0
27623,10000.0
27624,10000.0
27625,10000.0
27626,10000.0
27627,10000.0
27628,10000.0
27629,10000.0
27630,10000.0
27631,10000.0
27632,10000.0
27633,10000.0
27634,10000.0
27635,10000.0
27636,10000.0
27637,10000.0
27638,10000.0
27639,10000.0
27640,10000.0
27641,10000.0
27642,10000.0
27643,10000.0
27644,10000.0
27645,10000.0
27646,10000.0
27647,10000.0
27648,10000.0
27649,10000.0
27650,10000.0
27651,10000.0
27652,10000.0
27653,10000.0
27654,10000.0
27655,10000.0
27656,10000.0
27657,10000.0
27658,10000.0
27659,10000.0
27660,10000.0
27661,10000.0
27662,10000.0
27663,10000.0
27664,10000.0
27665,10000.0
27666,10000.0
27667,10000.0
27668,10000.0
27669,10000.0
27670,10000.0
27671,10000.0
27672,10000.0
27673,10000.0
27674,10000.0
27675,10000.0
27676,10000.0
27677,10000.0
27678,10000.0
27679,10000.0
27680,10000.0
27681,10000.0
27682,10000.0
27683,10000.0
27684,10000.0
27685,10000.0
27686,10000.0
27687,10000.0
27688,10000.0
27689,10000.0
27690,10000.0
27691,10000.0
27692,10000.0
27693,10000.0
27694,10000.0
27695,10000.0
27696,10000.0
27697,10000.0
27698,10000.0
27699,10000.0
27700,10000.0
27701,10000.0
27702,10000.0
27703,10000.0
27704,10000.0
27705,10000.0
27706,10000.0
27707,10000.0
27708,10000.0
27709,10000.0
27710,10000.0
27711,10000.0
27712,10000.0
27713,10000.0
27714,10000.0
27715,10000.0
27716,10000.0
27717,10000.0
27718,10000.0
27719,10000.0
27720,10000.0
27721,10000.0
27722,10000.0
27723,10000.0
27724,10000.0
27725,10000.0
27726,10000.0
27727,10000.0
27728,10000.0
27729,10000.0
27730,10000.0
27731,10000.0
27732,10000.0
27733,10000.0
27734,10000.0
27735,10000.0
27736,10000.0
27737,10000.0
27738,10000.0
27739,10000.0
27740,10000.0
27741,10000.0
27742,10000.0
27743,10000.0
27744,10000.0
27745,10000.0
27746,10000.0
27747,10000.0
27748,10000.0
27749,10000.0
27750,10000.0
27751,10000.0
27752,10000.0
27753,10000.0
27754,10000.0
27755,10000.0
27756,10000.0
27757,10000.0
27758,10000.0
27759,10000.0
27760,10000.0
27761,10000.0
27762,10000.0
27763,10000.0
27764,10000.0
27765,10000.0
27766,10000.0
27767,10000.0
27768,10000.0
27769,10000.0
27770,10000.0
27771,10000.0
27772,10000.0
27773,10000.0
27774,10000.0
27775,10000.0
27776,10000.0
27777,10000.0
27778,10000.0
27779,10000.0
27780,10000.0
27781,10000.0
27782,10000.0
27783,10000.0
27784,10000.0
27785,10000.0
27786,10000.0
27787,10000.0
27788,10000.0
27789,10000.0
27790,10000.0
27791,10000.0
27792,10000.0
27793,10000.0
27794,10000.0
27795,10000.0
27796,10000.0
27797,10000.0
27798,10000.0
27799,10000.0
27800,10000.0
27801,10000.0
27802,10000.0
27803,10000.0
27804,10000.0
27805,10000.0
27806,10000.0
27807,10000.0
27808,10000.0
27809,10000.0
27810,10000.0
27811,10000.0
27812,10000.0
27813,10000.0
27814,10000.0
27815,10000.0
27816,10000.0
27817,10000.0
27818,10000.0
27819,10000.0
27820,10000.0
27821,10000.0
27822,10000.0
27823,10000.0
27824,10000.0
27825,10000.0
27826,10000.0
27827,10000.0
27828,10000.0
27829,10000.0
27830,10000.0
27831,10000.0
27832,10000.0
27833,10000.0
27834,10000.0
27835,10000.0
27836,10000.0
27837,10000.0
27838,10000.0
27839,10000.0
27840,10000.0
27841,10000.0
27842,10000.0
27843,10000.0
27844,10000.0
27845,10000.0
27846,10000.0
27847,10000.0
27848,10000.0
27849,10000.0
27850,10000.0
27851,10000.0
27852,10000.0
27853,10000.0
27854,10000.0
27855,10000.0
27856,10000.0
27857,10000.0
27858,10000.0
27859,10000.0
27860,10000.0
27861,10000.0
27862,10000.0
27863,10000.0
27864,10000.0
27865,10000.0
27866,10000.0
27867,10000.0
27868,10000.0
27869,10000.0
27870,10000.0
27871,10000.0
27872,10000.0
27873,10000.0
27874,10000.0
27875,10000.0
27876,10000.0
27877,10000.0
27878,10000.0
27879,10000.0
27880,10000.0
27881,10000.0
27882,10000.0
27883,10000.0
27884,10000.0
27885,10000.0
27886,10000.0
27887,10000.0
27888,10000.0
27889,10000.0
27890,10000.0
27891,10000.0
27892,10000.0
27893,10000.0
27894,10000.0
27895,10000.0
27896,10000.0
27897,10000.0
27898,10000.0
27899,10000.0
27900,10000.0
27901,10000.0
27902,10000.0
27903,10000.0
27904,10000.0
27905,10000.0
27906,10000.0
27907,10000.0
27908,10000.0
27909,10000.0
27910,10000.0
27911,10000.0
27912,10000.0
27913,10000.0
27914,10000.0
27915,10000.0
27916,10000.0
27917,10000.0
27918,10000.0
27919,10000.0
27920,10000.0
27921,10000.0
27922,10000.0
27923,10000.0
27924,10000.0
27925,10000.0
27926,10000.0
27927,10000.0
27928,10000.0
27929,10000.0
27930,10000.0
27931,10000.0
27932,10000.0
27933,10000.0
27934,10000.0
27935,10000.0
27936,10000.0
27937,10000.0
27938,10000.0
27939,10000.0
27940,10000.0
27941,10000.0
27942,10000.0
27943,10000.0
27944,10000.0
27945,10000.0
27946,10000.0
27947,10000.0
27948,10000.0
27949,10000.0
27950,10000.0
27951,10000.0
27952,10000.0
27953,10000.0
27954,10000.0
27955,10000.0
27956,10000.0
27957,10000.0
27958,10000.0
27959,10000.0
27960,10000.0
27961,10000.0
27962,10000.0
27963,10000.0
27964,10000.0
27965,10000.0
27966,10000.0
27967,10000.0
27968,10000.0
27969,10000.0
27970,10000.0
27971,10000.0
27972,10000.0
27973,10000.0
27974,10000.0
27975,10000.0
27976,10000.0
27977,10000.0
27978,10000.0
27979,10000.0
27980,10000.0
27981,10000.0
27982,10000.0
27983,10000.0
27984,10000.0
27985,10000.0
27986,10000.0
27987,10000.0
27988,10000.0
27989,10000.0
27990,10000.0
27991,10000.0
27992,10000.0
27993,10000.0
27994,10000.0
27995,10000.0
27996,10000.0
27997,10000.0
27998,10000.0
27999,10000.0
28000,10000.0
28001,10000.0
28002,10000.0
28003,10000.0
28004,10000.0
28005,10000.0
28006,10000.0
28007,10000.0
28008,10000.0
28009,10000.0
28010,10000.0
28011,10000.0
28012,10000.0
28013,10000.0
28014,10000.0
28015,10000.0
28016,10000.0
28017,10000.0
28018,10000.0
28019,10000.0
28020,10000.0
28021,10000.0
28022,10000.0
28023,10000.0
28024,10000.0
28025,10000.0
28026,10000.0
28027,10000.0
28028,10000.0
28029,10000.0
28030,10000.0
28031,10000.0
28032,10000.0
28033,10000.0
28034,10000.0
28035,10000.0
28036,10000.0
28037,10000.0
28038,10000.0
28039,10000.0
28040,10000.0
28041,10000.0
28042,10000.0
28043,10000.0
28044,10000.0
28045,10000.0
28046,10000.0
28047,10000.0
28048,10000.0
28049,10000.0
28050,10000.0
28051,10000.0
28052,10000.0
28053,10000.0
28054,10000.0
28055,10000.0
28056,10000.0
28057,10000.0
28058,10000.0
28059,10000.0
28060,10000.0
28061,10000.0
28062,10000.0
28063,10000.0
28064,10000.0
28065,10000.0
28066,10000.0
28067,10000.0
28068,10000.0
28069,10000.0
28070,10000.0
28071,10000.0
28072,10000.0
28073,10000.0
28074,10000.0
28075,10000.0
28076,10000.0
28077,10000.0
28078,10000.0
28079,10000.0
28080,10000.0
28081,10000.0
28082,10000.0
28083,10000.0
28084,10000.0
28085,10000.0
28086,10000.0
28087,10000.0
28088,10000.0
28089,10000.0
28090,10000.0
28091,10000.0
28092,10000.0
28093,10000.0
28094,10000.0
28095,10000.0
28096,10000.0
28097,10000.0
28098,10000.0
28099,10000.0
28100,10000.0
28101,10000.0
28102,10000.0
28103,10000.0
28104,10000.0
28105,10000.0
28106,10000.0
28107,10000.0
28108,10000.0
28109,10000.0
28110,10000.0
28111,10000.0
28112,10000.0
28113,10000.0
28114,10000.0
28115,10000.0
28116,10000.0
28117,10000.0
28118,10000.0
28119,10000.0
28120,10000.0
28121,10000.0
28122,10000.0
28123,10000.0
28124,10000.0
28125,10000.0
28126,10000.0
28127,10000.0
28128,10000.0
28129,10000.0
28130,10000.0
28131,10000.0
28132,10000.0
28133,10000.0
28134,10000.0
28135,10000.0
28136,10000.0
28137,10000.0
28138,10000.0
28139,10000.0
28140,10000.0
28141,10000.0
28142,10000.0
28143,10000.0
28144,10000.0
28145,10000.0
28146,10000.0
28147,10000.0
28148,10000.0
28149,10000.0
28150,10000.0
28151,10000.0
28152,10000.0
28153,10000.0
28154,10000.0
28155,10000.0
28156,10000.0
28157,10000.0
28158,10000.0
28159,10000.0
28160,10000.0
28161,10000.0
28162,10000.0
28163,10000.0
28164,10000.0
28165,10000.0
28166,10000.0
28167,10000.0
28168,10000.0
28169,10000.0
28170,10000.0
28171,10000.0
28172,10000.0
28173,10000.0
28174,10000.0
28175,10000.0
28176,10000.0
28177,10000.0
28178,10000.0
28179,10000.0
28180,10000.0
28181,10000.0
28182,10000.0
28183,10000.0
28184,10000.0
28185,10000.0
28186,10000.0
28187,10000.0
28188,10000.0
28189,10000.0
28190,10000.0
28191,10000.0
28192,10000.0
28193,10000.0
28194,10000.0
28195,10000.0
28196,10000.0
28197,10000.0
28198,10000.0
28199,10000.0
28200,10000.0
28201,10000.0
28202,10000.0
28203,10000.0
28204,10000.0
28205,10000.0
28206,10000.0
28207,10000.0
28208,10000.0
28209,10000.0
28210,10000.0
28211,10000.0
28212,10000.0
28213,10000.0
28214,10000.0
28215,10000.0
28216,10000.0
28217,10000.0
28218,10000.0
28219,10000.0
28220,10000.0
28221,10000.0
28222,10000.0
28223,10000.0
28224,10000.0
28225,10000.0
28226,10000.0
28227,10000.0
28228,10000.0
28229,10000.0
28230,10000.0
28231,10000.0
28232,10000.0
28233,10000.0
28234,10000.0
28235,10000.0
28236,10000.0
28237,10000.0
28238,10000.0
28239,10000.0
28240,10000.0
28241,10000.0
28242,10000.0
28243,10000.0
28244,10000.0
28245,10000.0
28246,10000.0
28247,10000.0
28248,10000.0
28249,10000.0
28250,10000.0
28251,10000.0
28252,10000.0
28253,10000.0
28254,10000.0
28255,10000.0
28256,10000.0
28257,10000.0
28258,10000.0
28259,10000.0
28260,10000.0
28261,10000.0
28262,10000.0
28263,10000.0
28264,10000.0
28265,10000.0
28266,10000.0
28267,10000.0
28268,10000.0
28269,10000.0
28270,10000.0
28271,10000.0
28272,10000.0
28273,10000.0
28274,10000.0
28275,10000.0
28276,10000.0
28277,10000.0
28278,10000.0
28279,10000.0
28280,10000.0
28281,10000.0
28282,10000.0
28283,10000.0
28284,10000.0
28285,10000.0
28286,10000.0
28287,10000.0
28288,10000.0
28289,10000.0
28290,10000.0
28291,10000.0
28292,10000.0
28293,10000.0
28294,10000.0
28295,10000.0
28296,10000.0
28297,10000.0
28298,10000.0
28299,10000.0
28300,10000.0
28301,10000.0
28302,10000.0
28303,10000.0
28304,10000.0
28305,10000.0
28306,10000.0
28307,10000.0
28308,10000.0
28309,10000.0
28310,10000.0
28311,10000.0
28312,10000.0
28313,10000.0
28314,10000.0
28315,10000.0
28316,10000.0
28317,10000.0
28318,10000.0
28319,10000.0
28320,10000.0
28321,10000.0
28322,10000.0
28323,10000.0
28324,10000.0
28325,10000.0
28326,10000.0
28327,10000.0
28328,10000.0
28329,10000.0
28330,10000.0
28331,10000.0
28332,10000.0
28333,10000.0
28334,10000.0
28335,10000.0
28336,10000.0
28337,10000.0
28338,10000.0
28339,10000.0
28340,10000.0
28341,10000.0
28342,10000.0
28343,10000.0
28344,10000.0
28345,10000.0
28346,10000.0
28347,10000.0
28348,10000.0
28349,10000.0
28350,10000.0
28351,10000.0
28352,10000.0
28353,10000.0
28354,10000.0
28355,10000.0
28356,10000.0
28357,10000.0
28358,10000.0
28359,10000.0
28360,10000.0
28361,10000.0
28362,10000.0
28363,10000.0
28364,10000.0
28365,10000.0
28366,10000.0
28367,10000.0
28368,10000.0
28369,10000.0
28370,10000.0
28371,10000.0
28372,10000.0
28373,10000.0
28374,10000.0
28375,10000.0
28376,10000.0
28377,10000.0
28378,10000.0
28379,10000.0
28380,10000.0
28381,10000.0
28382,10000.0
28383,10000.0
28384,10000.0
28385,10000.0
28386,10000.0
28387,10000.0
28388,10000.0
28389,10000.0
28390,10000.0
28391,10000.0
28392,10000.0
28393,10000.0
28394,10000.0
28395,10000.0
28396,10000.0
28397,10000.0
28398,10000.0
28399,10000.0
28400,10000.0
28401,10000.0
28402,10000.0
28403,10000.0
28404,10000.0
28405,10000.0
28406,10000.0
28407,10000.0
28408,10000.0
28409,10000.0
28410,10000.0
28411,10000.0
28412,10000.0
28413,10000.0
28414,10000.0
28415,10000.0
28416,10000.0
28417,10000.0
28418,10000.0
28419,10000.0
28420,10000.0
28421,10000.0
28422,10000.0
28423,10000.0
28424,10000.0
28425,10000.0
28426,10000.0
28427,10000.0
28428,10000.0
28429,10000.0
28430,10000.0
28431,10000.0
28432,10000.0
28433,10000.0
28434,10000.0
28435,10000.0
28436,10000.0
28437,10000.0
28438,10000.0
28439,10000.0
28440,10000.0
28441,10000.0
28442,10000.0
28443,10000.0
28444,10000.0
28445,10000.0
28446,10000.0
28447,10000.0
28448,10000.0
28449,10000.0
28450,10000.0
28451,10000.0
28452,10000.0
28453,10000.0
28454,10000.0
28455,10000.0
28456,10000.0
28457,10000.0
28458,10000.0
28459,10000.0
28460,10000.0
28461,10000.0
28462,10000.0
28463,10000.0
28464,10000.0
28465,10000.0
28466,10000.0
28467,10000.0
28468,10000.0
28469,10000.0
28470,10000.0
28471,10000.0
28472,10000.0
28473,10000.0
28474,10000.0
28475,10000.0
28476,10000.0
28477,10000.0
28478,10000.0
28479,10000.0
28480,10000.0
28481,10000.0
28482,10000.0
28483,10000.0
28484,10000.0
28485,10000.0
28486,10000.0
28487,10000.0
28488,10000.0
28489,10000.0
28490,10000.0
28491,10000.0
28492,10000.0
28493,10000.0
28494,10000.0
28495,10000.0
28496,10000.0
28497,10000.0
28498,10000.0
28499,10000.0
28500,10000.0
28501,10000.0
28502,10000.0
28503,10000.0
28504,10000.0
28505,10000.0
28506,10000.0
28507,10000.0
28508,10000.0
28509,10000.0
28510,10000.0
28511,10000.0
28512,10000.0
28513,10000.0
28514,10000.0
28515,10000.0
28516,10000.0
28517,10000.0
28518,10000.0
28519,10000.0
28520,10000.0
28521,10000.0
28522,10000.0
28523,10000.0
28524,10000.0
28525,10000.0
28526,10000.0
28527,10000.0
28528,10000.0
28529,10000.0
28530,10000.0
28531,10000.0
28532,10000.0
28533,10000.0
28534,10000.0
28535,10000.0
28536,10000.0
28537,10000.0
28538,10000.0
28539,10000.0
28540,10000.0
28541,10000.0
28542,10000.0
28543,10000.0
28544,10000.0
28545,10000.0
28546,10000.0
28547,10000.0
28548,10000.0
28549,10000.0
28550,10000.0
28551,10000.0
28552,10000.0
28553,10000.0
28554,10000.0
28555,10000.0
28556,10000.0
28557,10000.0
28558,10000.0
28559,10000.0
28560,10000.0
28561,10000.0
28562,10000.0
28563,10000.0
28564,10000.0
28565,10000.0
28566,10000.0
28567,10000.0
28568,10000.0
28569,10000.0
28570,10000.0
28571,10000.0
28572,10000.0
28573,10000.0
28574,10000.0
28575,10000.0
28576,10000.0
28577,10000.0
28578,10000.0
28579,10000.0
28580,10000.0
28581,10000.0
28582,10000.0
28583,10000.0
28584,10000.0
28585,10000.0
28586,10000.0
28587,10000.0
28588,10000.0
28589,10000.0
28590,10000.0
28591,10000.0
28592,10000.0
28593,10000.0
28594,10000.0
28595,10000.0
28596,10000.0
28597,10000.0
28598,10000.0
28599,10000.0
28600,10000.0
28601,10000.0
28602,10000.0
28603,10000.0
28604,10000.0
28605,10000.0
28606,10000.0
28607,10000.0
28608,10000.0
28609,10000.0
28610,10000.0
28611,10000.0
28612,10000.0
28613,10000.0
28614,10000.0
28615,10000.0
28616,10000.0
28617,10000.0
28618,10000.0
28619,10000.0
28620,10000.0
28621,10000.0
28622,10000.0
28623,10000.0
28624,10000.0
28625,10000.0
28626,10000.0
28627,10000.0
28628,10000.0
28629,10000.0
28630,10000.0
28631,10000.0
28632,10000.0
28633,10000.0
28634,10000.0
28635,10000.0
28636,10000.0
28637,10000.0
28638,10000.0
28639,10000.0
28640,10000.0
28641,10000.0
28642,10000.0
28643,10000.0
28644,10000.0
28645,10000.0
28646,10000.0
28647,10000.0
28648,10000.0
28649,10000.0
28650,10000.0
28651,10000.0
28652,10000.0
28653,10000.0
28654,10000.0
28655,10000.0
28656,10000.0
28657,10000.0
28658,10000.0
28659,10000.0
28660,10000.0
28661,10000.0
28662,10000.0
28663,10000.0
28664,10000.0
28665,10000.0
28666,10000.0
28667,10000.0
28668,10000.0
28669,10000.0
28670,10000.0
28671,10000.0
28672,10000.0
28673,10000.0
28674,10000.0
28675,10000.0
28676,10000.0
28677,10000.0
28678,10000.0
28679,10000.0
28680,10000.0
28681,10000.0
28682,10000.0
28683,10000.0
28684,10000.0
28685,10000.0
28686,10000.0
28687,10000.0
28688,10000.0
28689,10000.0
28690,10000.0
28691,10000.0
28692,10000.0
28693,10000.0
28694,10000.0
28695,10000.0
28696,10000.0
28697,10000.0
28698,10000.0
28699,10000.0
28700,10000.0
28701,10000.0
28702,10000.0
28703,10000.0
28704,10000.0
28705,10000.0
28706,10000.0
28707,10000.0
28708,10000.0
28709,10000.0
28710,10000.0
28711,10000.0
28712,10000.0
28713,10000.0
28714,10000.0
28715,10000.0
28716,10000.0
28717,10000.0
28718,10000.0
28719,10000.0
28720,10000.0
28721,10000.0
28722,10000.0
28723,10000.0
28724,10000.0
28725,10000.0
28726,10000.0
28727,10000.0
28728,10000.0
28729,10000.0
28730,10000.0
28731,10000.0
28732,10000.0
28733,10000.0
28734,10000.0
28735,10000.0
28736,10000.0
28737,10000.0
28738,10000.0
28739,10000.0
28740,10000.0
28741,10000.0
28742,10000.0
28743,10000.0
28744,10000.0
28745,10000.0
28746,10000.0
28747,10000.0
28748,10000.0
28749,10000.0
28750,10000.0
28751,10000.0
28752,10000.0
28753,10000.0
28754,10000.0
28755,10000.0
28756,10000.0
28757,10000.0
28758,10000.0
28759,10000.0
28760,10000.0
28761,10000.0
28762,10000.0
28763,10000.0
28764,10000.0
28765,10000.0
28766,10000.0
28767,10000.0
28768,10000.0
28769,10000.0
28770,10000.0
28771,10000.0
28772,10000.0
28773,10000.0
28774,10000.0
28775,10000.0
28776,10000.0
28777,10000.0
28778,10000.0
28779,10000.0
28780,10000.0
28781,10000.0
28782,10000.0
28783,10000.0
28784,10000.0
28785,10000.0
28786,10000.0
28787,10000.0
28788,10000.0
28789,10000.0
28790,10000.0
28791,10000.0
28792,10000.0
28793,10000.0
28794,10000.0
28795,10000.0
28796,10000.0
28797,10000.0
28798,10000.0
28799,10000.0
28800,10000.0
28801,10000.0
28802,10000.0
28803,10000.0
28804,10000.0
28805,10000.0
28806,10000.0
28807,10000.0
28808,10000.0
28809,10000.0
28810,10000.0
28811,10000.0
28812,10000.0
28813,10000.0
28814,10000.0
28815,10000.0
28816,10000.0
28817,10000.0
28818,10000.0
28819,10000.0
28820,10000.0
28821,10000.0
28822,10000.0
28823,10000.0
28824,10000.0
28825,10000.0
28826,10000.0
28827,10000.0
28828,10000.0
28829,10000.0
28830,10000.0
28831,10000.0
28832,10000.0
28833,10000.0
28834,10000.0
28835,10000.0
28836,10000.0
28837,10000.0
28838,10000.0
28839,10000.0
28840,10000.0
28841,10000.0
28842,10000.0
28843,10000.0
28844,10000.0
28845,10000.0
28846,10000.0
28847,10000.0
28848,10000.0
28849,10000.0
28850,10000.0
28851,10000.0
28852,10000.0
28853,10000.0
28854,10000.0
28855,10000.0
28856,10000.0
28857,10000.0
28858,10000.0
28859,10000.0
28860,10000.0
28861,10000.0
28862,10000.0
28863,10000.0
28864,10000.0
28865,10000.0
28866,10000.0
28867,10000.0
28868,10000.0
28869,10000.0
28870,10000.0
28871,10000.0
28872,10000.0
28873,10000.0
28874,10000.0
28875,10000.0
28876,10000.0
28877,10000.0
28878,10000.0
28879,10000.0
28880,10000.0
28881,10000.0
28882,10000.0
28883,10000.0
28884,10000.0
28885,10000.0
28886,10000.0
28887,10000.0
28888,10000.0
28889,10000.0
28890,10000.0
28891,10000.0
28892,10000.0
28893,10000.0
28894,10000.0
28895,10000.0
28896,10000.0
28897,10000.0
28898,10000.0
28899,10000.0
28900,10000.0
28901,10000.0
28902,10000.0
28903,10000.0
28904,10000.0
28905,10000.0
28906,10000.0
28907,10000.0
28908,10000.0
28909,10000.0
28910,10000.0
28911,10000.0
28912,10000.0
28913,10000.0
28914,10000.0
28915,10000.0
28916,10000.0
28917,10000.0
28918,10000.0
28919,10000.0
28920,10000.0
28921,10000.0
28922,10000.0
28923,10000.0
28924,10000.0
28925,10000.0
28926,10000.0
28927,10000.0
28928,10000.0
28929,10000.0
28930,10000.0
28931,10000.0
28932,10000.0
28933,10000.0
28934,10000.0
28935,10000.0
28936,10000.0
28937,10000.0
28938,10000.0
28939,10000.0
28940,10000.0
28941,10000.0
28942,10000.0
28943,10000.0
28944,10000.0
28945,10000.0
28946,10000.0
28947,10000.0
28948,10000.0
28949,10000.0
28950,10000.0
28951,10000.0
28952,10000.0
28953,10000.0
28954,10000.0
28955,10000.0
28956,10000.0
28957,10000.0
28958,10000.0
28959,10000.0
28960,10000.0
28961,10000.0
28962,10000.0
28963,10000.0
28964,10000.0
28965,10000.0
28966,10000.0
28967,10000.0
28968,10000.0
28969,10000.0
28970,10000.0
28971,10000.0
28972,10000.0
28973,10000.0
28974,10000.0
28975,10000.0
28976,10000.0
28977,10000.0
28978,10000.0
28979,10000.0
28980,10000.0
28981,10000.0
28982,10000.0
28983,10000.0
28984,10000.0
28985,10000.0
28986,10000.0
28987,10000.0
28988,10000.0
28989,10000.0
28990,10000.0
28991,10000.0
28992,10000.0
28993,10000.0
28994,10000.0
28995,10000.0
28996,10000.0
28997,10000.0
28998,10000.0
28999,10000.0
29000,10000.0
29001,10000.0
29002,10000.0
29003,10000.0
29004,10000.0
29005,10000.0
29006,10000.0
29007,10000.0
29008,10000.0
29009,10000.0
29010,10000.0
29011,10000.0
29012,10000.0
29013,10000.0
29014,10000.0
29015,10000.0
29016,10000.0
29017,10000.0
29018,10000.0
29019,10000.0
29020,10000.0
29021,10000.0
29022,10000.0
29023,10000.0
29024,10000.0
29025,10000.0
29026,10000.0
29027,10000.0
29028,10000.0
29029,10000.0
29030,10000.0
29031,10000.0
29032,10000.0
29033,10000.0
29034,10000.0
29035,10000.0
29036,10000.0
29037,10000.0
29038,10000.0
29039,10000.0
29040,10000.0
29041,10000.0
29042,10000.0
29043,10000.0
29044,10000.0
29045,10000.0
29046,10000.0
29047,10000.0
29048,10000.0
29049,10000.0
29050,10000.0
29051,10000.0
29052,10000.0
29053,10000.0
29054,10000.0
29055,10000.0
29056,10000.0
29057,10000.0
29058,10000.0
29059,10000.0
29060,10000.0
29061,10000.0
29062,10000.0
29063,10000.0
29064,10000.0
29065,10000.0
29066,10000.0
29067,10000.0
29068,10000.0
29069,10000.0
29070,10000.0
29071,10000.0
29072,10000.0
29073,10000.0
29074,10000.0
29075,10000.0
29076,10000.0
29077,10000.0
29078,10000.0
29079,10000.0
29080,10000.0
29081,10000.0
29082,10000.0
29083,10000.0
29084,10000.0
29085,10000.0
29086,10000.0
29087,10000.0
29088,10000.0
29089,10000.0
29090,10000.0
29091,10000.0
29092,10000.0
29093,10000.0
29094,10000.0
29095,10000.0
29096,10000.0
29097,10000.0
29098,10000.0
29099,10000.0
29100,10000.0
29101,10000.0
29102,10000.0
29103,10000.0
29104,10000.0
29105,10000.0
29106,10000.0
29107,10000.0
29108,10000.0
29109,10000.0
29110,10000.0
29111,10000.0
29112,10000.0
29113,10000.0
29114,10000.0
29115,10000.0
29116,10000.0
29117,10000.0
29118,10000.0
29119,10000.0
29120,10000.0
29121,10000.0
29122,10000.0
29123,10000.0
29124,10000.0
29125,10000.0
29126,10000.0
29127,10000.0
29128,10000.0
29129,10000.0
29130,10000.0
29131,10000.0
29132,10000.0
29133,10000.0
29134,10000.0
29135,10000.0
29136,10000.0
29137,10000.0
29138,10000.0
29139,10000.0
29140,10000.0
29141,10000.0
29142,10000.0
29143,10000.0
29144,10000.0
29145,10000.0
29146,10000.0
29147,10000.0
29148,10000.0
29149,10000.0
29150,10000.0
29151,10000.0
29152,10000.0
29153,10000.0
29154,10000.0
29155,10000.0
29156,10000.0
29157,10000.0
29158,10000.0
29159,10000.0
29160,10000.0
29161,10000.0
29162,10000.0
29163,10000.0
29164,10000.0
29165,10000.0
29166,10000.0
29167,10000.0
29168,10000.0
29169,10000.0
29170,10000.0
29171,10000.0
29172,10000.0
29173,10000.0
29174,10000.0
29175,10000.0
29176,10000.0
29177,10000.0
29178,10000.0
29179,10000.0
29180,10000.0
29181,10000.0
29182,10000.0
29183,10000.0
29184,10000.0
29185,10000.0
29186,10000.0
29187,10000.0
29188,10000.0
29189,10000.0
29190,10000.0
29191,10000.0
29192,10000.0
29193,10000.0
29194,10000.0
29195,10000.0
29196,10000.0
29197,10000.0
29198,10000.0
29199,10000.0
29200,10000.0
29201,10000.0
29202,10000.0
29203,10000.0
29204,10000.0
29205,10000.0
29206,10000.0
29207,10000.0
29208,10000.0
29209,10000.0
29210,10000.0
29211,10000.0
29212,10000.0
29213,10000.0
29214,10000.0
29215,10000.0
29216,10000.0
29217,10000.0
29218,10000.0
29219,10000.0
29220,10000.0
29221,10000.0
29222,10000.0
29223,10000.0
29224,10000.0
29225,10000.0
29226,10000.0
29227,10000.0
29228,10000.0
29229,10000.0
29230,10000.0
29231,10000.0
29232,10000.0
29233,10000.0
29234,10000.0
29235,10000.0
29236,10000.0
29237,10000.0
29238,10000.0
29239,10000.0
29240,10000.0
29241,10000.0
29242,10000.0
29243,10000.0
29244,10000.0
29245,10000.0
29246,10000.0
29247,10000.0
29248,10000.0
29249,10000.0
29250,10000.0
29251,10000.0
29252,10000.0
29253,10000.0
29254,10000.0
29255,10000.0
29256,10000.0
29257,10000.0
29258,10000.0
29259,10000.0
29260,10000.0
29261,10000.0
29262,10000.0
29263,10000.0
29264,10000.0
29265,10000.0
29266,10000.0
29267,10000.0
29268,10000.0
29269,10000.0
29270,10000.0
29271,10000.0
29272,10000.0
29273,10000.0
29274,10000.0
29275,10000.0
29276,10000.0
29277,10000.0
29278,10000.0
29279,10000.0
29280,10000.0
29281,10000.0
29282,10000.0
29283,10000.0
29284,10000.0
29285,10000.0
29286,10000.0
29287,10000.0
29288,10000.0
29289,10000.0
29290,10000.0
29291,10000.0
29292,10000.0
29293,10000.0
29294,10000.0
29295,10000.0
29296,10000.0
29297,10000.0
29298,10000.0
29299,10000.0
29300,10000.0
29301,10000.0
29302,10000.0
29303,10000.0
29304,10000.0
29305,10000.0
29306,10000.0
29307,10000.0
29308,10000.0
29309,10000.0
29310,10000.0
29311,10000.0
29312,10000.0
29313,10000.0
29314,10000.0
29315,10000.0
29316,10000.0
29317,10000.0
29318,10000.0
29319,10000.0
29320,10000.0
29321,10000.0
29322,10000.0
29323,10000.0
29324,10000.0
29325,10000.0
29326,10000.0
29327,10000.0
29328,10000.0
29329,10000.0
29330,10000.0
29331,10000.0
29332,10000.0
29333,10000.0
29334,10000.0
29335,10000.0
29336,10000.0
29337,10000.0
29338,10000.0
29339,10000.0
29340,10000.0
29341,10000.0
29342,10000.0
29343,10000.0
29344,10000.0
29345,10000.0
29346,10000.0
29347,10000.0
29348,10000.0
29349,10000.0
29350,10000.0
29351,10000.0
29352,10000.0
29353,10000.0
29354,10000.0
29355,10000.0
29356,10000.0
29357,10000.0
29358,10000.0
29359,10000.0
29360,10000.0
29361,10000.0
29362,10000.0
29363,10000.0
29364,10000.0
29365,10000.0
29366,10000.0
29367,10000.0
29368,10000.0
29369,10000.0
29370,10000.0
29371,10000.0
29372,10000.0
29373,10000.0
29374,10000.0
29375,10000.0
29376,10000.0
29377,10000.0
29378,10000.0
29379,10000.0
29380,10000.0
29381,10000.0
29382,10000.0
29383,10000.0
29384,10000.0
29385,10000.0
29386,10000.0
29387,10000.0
29388,10000.0
29389,10000.0
29390,10000.0
29391,10000.0
29392,10000.0
29393,10000.0
29394,10000.0
29395,10000.0
29396,10000.0
29397,10000.0
29398,10000.0
29399,10000.0
29400,10000.0
29401,10000.0
29402,10000.0
29403,10000.0
29404,10000.0
29405,10000.0
29406,10000.0
29407,10000.0
29408,10000.0
29409,10000.0
29410,10000.0
29411,10000.0
29412,10000.0
29413,10000.0
29414,10000.0
29415,10000.0
29416,10000.0
29417,10000.0
29418,10000.0
29419,10000.0
29420,10000.0
29421,10000.0
29422,10000.0
29423,10000.0
29424,10000.0
29425,10000.0
29426,10000.0
29427,10000.0
29428,10000.0
29429,10000.0
29430,10000.0
29431,10000.0
29432,10000.0
29433,10000.0
29434,10000.0
29435,10000.0
29436,10000.0
29437,10000.0
29438,10000.0
29439,10000.0
29440,10000.0
29441,10000.0
29442,10000.0
29443,10000.0
29444,10000.0
29445,10000.0
29446,10000.0
29447,10000.0
29448,10000.0
29449,10000.0
29450,10000.0
29451,10000.0
29452,10000.0
29453,10000.0
29454,10000.0
29455,10000.0
29456,10000.0
29457,10000.0
29458,10000.0
29459,10000.0
29460,10000.0
29461,10000.0
29462,10000.0
29463,10000.0
29464,10000.0
29465,10000.0
29466,10000.0
29467,10000.0
29468,10000.0
29469,10000.0
29470,10000.0
29471,10000.0
29472,10000.0
29473,10000.0
29474,10000.0
29475,10000.0
29476,10000.0
29477,10000.0
29478,10000.0
29479,10000.0
29480,10000.0
29481,10000.0
29482,10000.0
29483,10000.0
29484,10000.0
29485,10000.0
29486,10000.0
29487,10000.0
29488,10000.0
29489,10000.0
29490,10000.0
29491,10000.0
29492,10000.0
29493,10000.0
29494,10000.0
29495,10000.0
29496,10000.0
29497,10000.0
29498,10000.0
29499,10000.0
29500,10000.0
29501,10000.0
29502,10000.0
29503,10000.0
29504,10000.0
29505,10000.0
29506,10000.0
29507,10000.0
29508,10000.0
29509,10000.0
29510,10000.0
29511,10000.0
29512,10000.0
29513,10000.0
29514,10000.0
29515,10000.0
29516,10000.0
29517,10000.0
29518,10000.0
29519,10000.0
29520,10000.0
29521,10000.0
29522,10000.0
29523,10000.0
29524,10000.0
29525,10000.0
29526,10000.0
29527,10000.0
29528,10000.0
29529,10000.0
29530,10000.0
29531,10000.0
29532,10000.0
29533,10000.0
29534,10000.0
29535,10000.0
29536,10000.0
29537,10000.0
29538,10000.0
29539,10000.0
29540,10000.0
29541,10000.0
29542,10000.0
29543,10000.0
29544,10000.0
29545,10000.0
29546,10000.0
29547,10000.0
29548,10000.0
29549,10000.0
29550,10000.0
29551,10000.0
29552,10000.0
29553,10000.0
29554,10000.0
29555,10000.0
29556,10000.0
29557,10000.0
29558,10000.0
29559,10000.0
29560,10000.0
29561,10000.0
29562,10000.0
29563,10000.0
29564,10000.0
29565,10000.0
29566,10000.0
29567,10000.0
29568,10000.0
29569,10000.0
29570,10000.0
29571,10000.0
29572,10000.0
29573,10000.0
29574,10000.0
29575,10000.0
29576,10000.0
29577,10000.0
29578,10000.0
29579,10000.0
29580,10000.0
29581,10000.0
29582,10000.0
29583,10000.0
29584,10000.0
29585,10000.0
29586,10000.0
29587,10000.0
29588,10000.0
29589,10000.0
29590,10000.0
29591,10000.0
29592,10000.0
29593,10000.0
29594,10000.0
29595,10000.0
29596,10000.0
29597,10000.0
29598,10000.0
29599,10000.0
29600,10000.0
29601,10000.0
29602,10000.0
29603,10000.0
29604,10000.0
29605,10000.0
29606,10000.0
29607,10000.0
29608,10000.0
29609,10000.0
29610,10000.0
29611,10000.0
29612,10000.0
29613,10000.0
29614,10000.0
29615,10000.0
29616,10000.0
29617,10000.0
29618,10000.0
29619,10000.0
29620,10000.0
29621,10000.0
29622,10000.0
29623,10000.0
29624,10000.0
29625,10000.0
29626,10000.0
29627,10000.0
29628,10000.0
29629,10000.0
29630,10000.0
29631,10000.0
29632,10000.0
29633,10000.0
29634,10000.0
29635,10000.0
29636,10000.0
29637,10000.0
29638,10000.0
29639,10000.0
29640,10000.0
29641,10000.0
29642,10000.0
29643,10000.0
29644,10000.0
29645,10000.0
29646,10000.0
29647,10000.0
29648,10000.0
29649,10000.0
29650,10000.0
29651,10000.0
29652,10000.0
29653,10000.0
29654,10000.0
29655,10000.0
29656,10000.0
29657,10000.0
29658,10000.0
29659,10000.0
29660,10000.0
29661,10000.0
29662,10000.0
29663,10000.0
29664,10000.0
29665,10000.0
29666,10000.0
29667,10000.0
29668,10000.0
29669,10000.0
29670,10000.0
29671,10000.0
29672,10000.0
29673,10000.0
29674,10000.0
29675,10000.0
29676,10000.0
29677,10000.0
29678,10000.0
29679,10000.0
29680,10000.0
29681,10000.0
29682,10000.0
29683,10000.0
29684,10000.0
29685,10000.0
29686,10000.0
29687,10000.0
29688,10000.0
29689,10000.0
29690,10000.0
29691,10000.0
29692,10000.0
29693,10000.0
29694,10000.0
29695,10000.0
29696,10000.0
29697,10000.0
29698,10000.0
29699,10000.0
29700,10000.0
29701,10000.0
29702,10000.0
29703,10000.0
29704,10000.0
29705,10000.0
29706,10000.0
29707,10000.0
29708,10000.0
29709,10000.0
29710,10000.0
29711,10000.0
29712,10000.0
29713,10000.0
29714,10000.0
29715,10000.0
29716,10000.0
29717,10000.0
29718,10000.0
29719,10000.0
29720,10000.0
29721,10000.0
29722,10000.0
29723,10000.0
29724,10000.0
29725,10000.0
29726,10000.0
29727,10000.0
29728,10000.0
29729,10000.0
29730,10000.0
29731,10000.0
29732,10000.0
29733,10000.0
29734,10000.0
29735,10000.0
29736,10000.0
29737,10000.0
29738,10000.0
29739,10000.0
29740,10000.0
29741,10000.0
29742,10000.0
29743,10000.0
29744,10000.0
29745,10000.0
29746,10000.0
29747,10000.0
29748,10000.0
29749,10000.0
29750,10000.0
29751,10000.0
29752,10000.0
29753,10000.0
29754,10000.0
29755,10000.0
29756,10000.0
29757,10000.0
29758,10000.0
29759,10000.0
29760,10000.0
29761,10000.0
29762,10000.0
29763,10000.0
29764,10000.0
29765,10000.0
29766,10000.0
29767,10000.0
29768,10000.0
29769,10000.0
29770,10000.0
29771,10000.0
29772,10000.0
29773,10000.0
29774,10000.0
29775,10000.0
29776,10000.0
29777,10000.0
29778,10000.0
29779,10000.0
29780,10000.0
29781,10000.0
29782,10000.0
29783,10000.0
29784,10000.0
29785,10000.0
29786,10000.0
29787,10000.0
29788,10000.0
29789,10000.0
29790,10000.0
29791,10000.0
29792,10000.0
29793,10000.0
29794,10000.0
29795,10000.0
29796,10000.0
29797,10000.0
29798,10000.0
29799,10000.0
29800,10000.0
29801,10000.0
29802,10000.0
29803,10000.0
29804,10000.0
29805,10000.0
29806,10000.0
29807,10000.0
29808,10000.0
29809,10000.0
29810,10000.0
29811,10000.0
29812,10000.0
29813,10000.0
29814,10000.0
29815,10000.0
29816,10000.0
29817,10000.0
29818,10000.0
29819,10000.0
29820,10000.0
29821,10000.0
29822,10000.0
29823,10000.0
29824,10000.0
29825,10000.0
29826,10000.0
29827,10000.0
29828,10000.0
29829,10000.0
29830,10000.0
29831,10000.0
29832,10000.0
29833,10000.0
29834,10000.0
29835,10000.0
29836,10000.0
29837,10000.0
29838,10000.0
29839,10000.0
29840,10000.0
29841,10000.0
29842,10000.0
29843,10000.0
29844,10000.0
29845,10000.0
29846,10000.0
29847,10000.0
29848,10000.0
29849,10000.0
29850,10000.0
29851,10000.0
29852,10000.0
29853,10000.0
29854,10000.0
29855,10000.0
29856,10000.0
29857,10000.0
29858,10000.0
29859,10000.0
29860,10000.0
29861,10000.0
29862,10000.0
29863,10000.0
29864,10000.0
29865,10000.0
29866,10000.0
29867,10000.0
29868,10000.0
29869,10000.0
29870,10000.0
29871,10000.0
29872,10000.0
29873,10000.0
29874,10000.0
29875,10000.0
29876,10000.0
29877,10000.0
29878,10000.0
29879,10000.0
29880,10000.0
29881,10000.0
29882,10000.0
29883,10000.0
29884,10000.0
29885,10000.0
29886,10000.0
29887,10000.0
29888,10000.0
29889,10000.0
29890,10000.0
29891,10000.0
29892,10000.0
29893,10000.0
29894,10000.0
29895,10000.0
29896,10000.0
29897,10000.0
29898,10000.0
29899,10000.0
29900,10000.0
29901,10000.0
29902,10000.0
29903,10000.0
29904,10000.0
29905,10000.0
29906,10000.0
29907,10000.0
29908,10000.0
29909,10000.0
29910,10000.0
29911,10000.0
29912,10000.0
29913,10000.0
29914,10000.0
29915,10000.0
29916,10000.0
29917,10000.0
29918,10000.0
29919,10000.0
29920,10000.0
29921,10000.0
29922,10000.0
29923,10000.0
29924,10000.0
29925,10000.0
29926,10000.0
29927,10000.0
29928,10000.0
29929,10000.0
29930,10000.0
29931,10000.0
29932,10000.0
29933,10000.0
29934,10000.0
29935,10000.0
29936,10000.0
29937,10000.0
29938,10000.0
29939,10000.0
29940,10000.0
29941,10000.0
29942,10000.0
29943,10000.0
29944,10000.0
29945,10000.0
29946,10000.0
29947,10000.0
29948,10000.0
29949,10000.0
29950,10000.0
29951,10000.0
29952,10000.0
29953,10000.0
29954,10000.0
29955,10000.0
29956,10000.0
29957,10000.0
29958,10000.0
29959,10000.0
29960,10000.0
29961,10000.0
29962,10000.0
29963,10000.0
29964,10000.0
29965,10000.0
29966,10000.0
29967,10000.0
29968,10000.0
29969,10000.0
29970,10000.0
29971,10000.0
29972,10000.0
29973,10000.0
29974,10000.0
29975,10000.0
29976,10000.0
29977,10000.0
29978,10000.0
29979,10000.0
29980,10000.0
29981,10000.0
29982,10000.0
29983,10000.0
29984,10000.0
29985,10000.0
29986,10000.0
29987,10000.0
29988,10000.0
29989,10000.0
29990,10000.0
29991,10000.0
29992,10000.0
29993,10000.0
29994,10000.0
29995,10000.0
29996,10000.0
29997,10000.0
29998,10000.0
29999,10000.0
30000,10000.0
30001,10000.0
30002,10000.0
30003,10000.0
30004,10000.0
30005,10000.0
30006,10000.0
30007,10000.0
30008,10000.0
30009,10000.0
30010,10000.0
30011,10000.0
30012,10000.0
30013,10000.0
30014,10000.0
30015,10000.0
30016,10000.0
30017,10000.0
30018,10000.0
30019,10000.0
30020,10000.0
30021,10000.0
30022,10000.0
30023,10000.0
30024,10000.0
30025,10000.0
30026,10000.0
30027,10000.0
30028,10000.0
30029,10000.0
30030,10000.0
30031,10000.0
30032,10000.0
30033,10000.0
30034,10000.0
30035,10000.0
30036,10000.0
30037,10000.0
30038,10000.0
30039,10000.0
30040,10000.0
30041,10000.0
30042,10000.0
30043,10000.0
30044,10000.0
30045,10000.0
30046,10000.0
30047,10000.0
30048,10000.0
30049,10000.0
30050,10000.0
30051,10000.0
30052,10000.0
30053,10000.0
30054,10000.0
30055,10000.0
30056,10000.0
30057,10000.0
30058,10000.0
30059,10000.0
30060,10000.0
30061,10000.0
30062,10000.0
30063,10000.0
30064,10000.0
30065,10000.0
30066,10000.0
30067,10000.0
30068,10000.0
30069,10000.0
30070,10000.0
30071,10000.0
30072,10000.0
30073,10000.0
30074,10000.0
30075,10000.0
30076,10000.0
30077,10000.0
30078,10000.0
30079,10000.0
30080,10000.0
30081,10000.0
30082,10000.0
30083,10000.0
30084,10000.0
30085,10000.0
30086,10000.0
30087,10000.0
30088,10000.0
30089,10000.0
30090,10000.0
30091,10000.0
30092,10000.0
30093,10000.0
30094,10000.0
30095,10000.0
30096,10000.0
30097,10000.0
30098,10000.0
30099,10000.0
30100,10000.0
30101,10000.0
30102,10000.0
30103,10000.0
30104,10000.0
30105,10000.0
30106,10000.0
30107,10000.0
30108,10000.0
30109,10000.0
30110,10000.0
30111,10000.0
30112,10000.0
30113,10000.0
30114,10000.0
30115,10000.0
30116,10000.0
30117,10000.0
30118,10000.0
30119,10000.0
30120,10000.0
30121,10000.0
30122,10000.0
30123,10000.0
30124,10000.0
30125,10000.0
30126,10000.0
30127,10000.0
30128,10000.0
30129,10000.0
30130,10000.0
30131,10000.0
30132,10000.0
30133,10000.0
30134,10000.0
30135,10000.0
30136,10000.0
30137,10000.0
30138,10000.0
30139,10000.0
30140,10000.0
30141,10000.0
30142,10000.0
30143,10000.0
30144,10000.0
30145,10000.0
30146,10000.0
30147,10000.0
30148,10000.0
30149,10000.0
30150,10000.0
30151,10000.0
30152,10000.0
30153,10000.0
30154,10000.0
30155,10000.0
30156,10000.0
30157,10000.0
30158,10000.0
30159,10000.0
30160,10000.0
30161,10000.0
30162,10000.0
30163,10000.0
30164,10000.0
30165,10000.0
30166,10000.0
30167,10000.0
30168,10000.0
30169,10000.0
30170,10000.0
30171,10000.0
30172,10000.0
30173,10000.0
30174,10000.0
30175,10000.0
30176,10000.0
30177,10000.0
30178,10000.0
30179,10000.0
30180,10000.0
30181,10000.0
30182,10000.0
30183,10000.0
30184,10000.0
30185,10000.0
30186,10000.0
30187,10000.0
30188,10000.0
30189,10000.0
30190,10000.0
30191,10000.0
30192,10000.0
30193,10000.0
30194,10000.0
30195,10000.0
30196,10000.0
30197,10000.0
30198,10000.0
30199,10000.0
30200,10000.0
30201,10000.0
30202,10000.0
30203,10000.0
30204,10000.0
30205,10000.0
30206,10000.0
30207,10000.0
30208,10000.0
30209,10000.0
30210,10000.0
30211,10000.0
30212,10000.0
30213,10000.0
30214,10000.0
30215,10000.0
30216,10000.0
30217,10000.0
30218,10000.0
30219,10000.0
30220,10000.0
30221,10000.0
30222,10000.0
30223,10000.0
30224,10000.0
30225,10000.0
30226,10000.0
30227,10000.0
30228,10000.0
30229,10000.0
30230,10000.0
30231,10000.0
30232,10000.0
30233,10000.0
30234,10000.0
30235,10000.0
30236,10000.0
30237,10000.0
30238,10000.0
30239,10000.0
30240,10000.0
30241,10000.0
30242,10000.0
30243,10000.0
30244,10000.0
30245,10000.0
30246,10000.0
30247,10000.0
30248,10000.0
30249,10000.0
30250,10000.0
30251,10000.0
30252,10000.0
30253,10000.0
30254,10000.0
30255,10000.0
30256,10000.0
30257,10000.0
30258,10000.0
30259,10000.0
30260,10000.0
30261,10000.0
30262,10000.0
30263,10000.0
30264,10000.0
30265,10000.0
30266,10000.0
30267,10000.0
30268,10000.0
30269,10000.0
30270,10000.0
30271,10000.0
30272,10000.0
30273,10000.0
30274,10000.0
30275,10000.0
30276,10000.0
30277,10000.0
30278,10000.0
30279,10000.0
30280,10000.0
30281,10000.0
30282,10000.0
30283,10000.0
30284,10000.0
30285,10000.0
30286,10000.0
30287,10000.0
30288,10000.0
30289,10000.0
30290,10000.0
30291,10000.0
30292,10000.0
30293,10000.0
30294,10000.0
30295,10000.0
30296,10000.0
30297,10000.0
30298,10000.0
30299,10000.0
30300,10000.0
30301,10000.0
30302,10000.0
30303,10000.0
30304,10000.0
30305,10000.0
30306,10000.0
30307,10000.0
30308,10000.0
30309,10000.0
30310,10000.0
30311,10000.0
30312,10000.0
30313,10000.0
30314,10000.0
30315,10000.0
30316,10000.0
30317,10000.0
30318,10000.0
30319,10000.0
30320,10000.0
30321,10000.0
30322,10000.0
30323,10000.0
30324,10000.0
30325,10000.0
30326,10000.0
30327,10000.0
30328,10000.0
30329,10000.0
30330,10000.0
30331,10000.0
30332,10000.0
30333,10000.0
30334,10000.0
30335,10000.0
30336,10000.0
30337,10000.0
30338,10000.0
30339,10000.0
30340,10000.0
30341,10000.0
30342,10000.0
30343,10000.0
30344,10000.0
30345,10000.0
30346,10000.0
30347,10000.0
30348,10000.0
30349,10000.0
30350,10000.0
30351,10000.0
30352,10000.0
30353,10000.0
30354,10000.0
30355,10000.0
30356,10000.0
30357,10000.0
30358,10000.0
30359,10000.0
30360,10000.0
30361,10000.0
30362,10000.0
30363,10000.0
30364,10000.0
30365,10000.0
30366,10000.0
30367,10000.0
30368,10000.0
30369,10000.0
30370,10000.0
30371,10000.0
30372,10000.0
30373,10000.0
30374,10000.0
30375,10000.0
30376,10000.0
30377,10000.0
30378,10000.0
30379,10000.0
30380,10000.0
30381,10000.0
30382,10000.0
30383,10000.0
30384,10000.0
30385,10000.0
30386,10000.0
30387,10000.0
30388,10000.0
30389,10000.0
30390,10000.0
30391,10000.0
30392,10000.0
30393,10000.0
30394,10000.0
30395,10000.0
30396,10000.0
30397,10000.0
30398,10000.0
30399,10000.0
30400,10000.0
30401,10000.0
30402,10000.0
30403,10000.0
30404,10000.0
30405,10000.0
30406,10000.0
30407,10000.0
30408,10000.0
30409,10000.0
30410,10000.0
30411,10000.0
30412,10000.0
30413,10000.0
30414,10000.0
30415,10000.0
30416,10000.0
30417,10000.0
30418,10000.0
30419,10000.0
30420,10000.0
30421,10000.0
30422,10000.0
30423,10000.0
30424,10000.0
30425,10000.0
30426,10000.0
30427,10000.0
30428,10000.0
30429,10000.0
30430,10000.0
30431,10000.0
30432,10000.0
30433,10000.0
30434,10000.0
30435,10000.0
30436,10000.0
30437,10000.0
30438,10000.0
30439,10000.0
30440,10000.0
30441,10000.0
30442,10000.0
30443,10000.0
30444,10000.0
30445,10000.0
30446,10000.0
30447,10000.0
30448,10000.0
30449,10000.0
30450,10000.0
30451,10000.0
30452,10000.0
30453,10000.0
30454,10000.0
30455,10000.0
30456,10000.0
30457,10000.0
30458,10000.0
30459,10000.0
30460,10000.0
30461,10000.0
30462,10000.0
30463,10000.0
30464,10000.0
30465,10000.0
30466,10000.0
30467,10000.0
30468,10000.0
30469,10000.0
30470,10000.0
30471,10000.0
30472,10000.0
30473,10000.0
30474,10000.0
30475,10000.0
30476,10000.0
30477,10000.0
30478,10000.0
30479,10000.0
30480,10000.0
30481,10000.0
30482,10000.0
30483,10000.0
30484,10000.0
30485,10000.0
30486,10000.0
30487,10000.0
30488,10000.0
30489,10000.0
30490,10000.0
30491,10000.0
30492,10000.0
30493,10000.0
30494,10000.0
30495,10000.0
30496,10000.0
30497,10000.0
30498,10000.0
30499,10000.0
30500,10000.0
30501,10000.0
30502,10000.0
30503,10000.0
30504,10000.0
30505,10000.0
30506,10000.0
30507,10000.0
30508,10000.0
30509,10000.0
30510,10000.0
30511,10000.0
30512,10000.0
30513,10000.0
30514,10000.0
30515,10000.0
30516,10000.0
30517,10000.0
30518,10000.0
30519,10000.0
30520,10000.0
30521,10000.0
30522,10000.0
30523,10000.0
30524,10000.0
30525,10000.0
30526,10000.0
30527,10000.0
30528,10000.0
30529,10000.0
30530,10000.0
30531,10000.0
30532,10000.0
30533,10000.0
30534,10000.0
30535,10000.0
30536,10000.0
30537,10000.0
30538,10000.0
30539,10000.0
30540,10000.0
30541,10000.0
30542,10000.0
30543,10000.0
30544,10000.0
30545,10000.0
30546,10000.0
30547,10000.0
30548,10000.0
30549,10000.0
30550,10000.0
30551,10000.0
30552,10000.0
30553,10000.0
30554,10000.0
30555,10000.0
30556,10000.0
30557,10000.0
30558,10000.0
30559,10000.0
30560,10000.0
30561,10000.0
30562,10000.0
30563,10000.0
30564,10000.0
30565,10000.0
30566,10000.0
30567,10000.0
30568,10000.0
30569,10000.0
30570,10000.0
30571,10000.0
30572,10000.0
30573,10000.0
30574,10000.0
30575,10000.0
30576,10000.0
30577,10000.0
30578,10000.0
30579,10000.0
30580,10000.0
30581,10000.0
30582,10000.0
30583,10000.0
30584,10000.0
30585,10000.0
30586,10000.0
30587,10000.0
30588,10000.0
30589,10000.0
30590,10000.0
30591,10000.0
30592,10000.0
30593,10000.0
30594,10000.0
30595,10000.0
30596,10000.0
30597,10000.0
30598,10000.0
30599,10000.0
30600,10000.0
30601,10000.0
30602,10000.0
30603,10000.0
30604,10000.0
30605,10000.0
30606,10000.0
30607,10000.0
30608,10000.0
30609,10000.0
30610,10000.0
30611,10000.0
30612,10000.0
30613,10000.0
30614,10000.0
30615,10000.0
30616,10000.0
30617,10000.0
30618,10000.0
30619,10000.0
30620,10000.0
30621,10000.0
30622,10000.0
30623,10000.0
30624,10000.0
30625,10000.0
30626,10000.0
30627,10000.0
30628,10000.0
30629,10000.0
30630,10000.0
30631,10000.0
30632,10000.0
30633,10000.0
30634,10000.0
30635,10000.0
30636,10000.0
30637,10000.0
30638,10000.0
30639,10000.0
30640,10000.0
30641,10000.0
30642,10000.0
30643,10000.0
30644,10000.0
30645,10000.0
30646,10000.0
30647,10000.0
30648,10000.0
30649,10000.0
30650,10000.0
30651,10000.0
30652,10000.0
30653,10000.0
30654,10000.0
30655,10000.0
30656,10000.0
30657,10000.0
30658,10000.0
30659,10000.0
30660,10000.0
30661,10000.0
30662,10000.0
30663,10000.0
30664,10000.0
30665,10000.0
30666,10000.0
30667,10000.0
30668,10000.0
30669,10000.0
30670,10000.0
30671,10000.0
30672,10000.0
30673,10000.0
30674,10000.0
30675,10000.0
30676,10000.0
30677,10000.0
30678,10000.0
30679,10000.0
30680,10000.0
30681,10000.0
30682,10000.0
30683,10000.0
30684,10000.0
30685,10000.0
30686,10000.0
30687,10000.0
30688,10000.0
30689,10000.0
30690,10000.0
30691,10000.0
30692,10000.0
30693,10000.0
30694,10000.0
30695,10000.0
30696,10000.0
30697,10000.0
30698,10000.0
30699,10000.0
30700,10000.0
30701,10000.0
30702,10000.0
30703,10000.0
30704,10000.0
30705,10000.0
30706,10000.0
30707,10000.0
30708,10000.0
30709,10000.0
30710,10000.0
30711,10000.0
30712,10000.0
30713,10000.0
30714,10000.0
30715,10000.0
30716,10000.0
30717,10000.0
30718,10000.0
30719,10000.0
30720,10000.0
30721,10000.0
30722,10000.0
30723,10000.0
30724,10000.0
30725,10000.0
30726,10000.0
30727,10000.0
30728,10000.0
30729,10000.0
30730,10000.0
30731,10000.0
30732,10000.0
30733,10000.0
30734,10000.0
30735,10000.0
30736,10000.0
30737,10000.0
30738,10000.0
30739,10000.0
30740,10000.0
30741,10000.0
30742,10000.0
30743,10000.0
30744,10000.0
30745,10000.0
30746,10000.0
30747,10000.0
30748,10000.0
30749,10000.0
30750,10000.0
30751,10000.0
30752,10000.0
30753,10000.0
30754,10000.0
30755,10000.0
30756,10000.0
30757,10000.0
30758,10000.0
30759,10000.0
30760,10000.0
30761,10000.0
30762,10000.0
30763,10000.0
30764,10000.0
30765,10000.0
30766,10000.0
30767,10000.0
30768,10000.0
30769,10000.0
30770,10000.0
30771,10000.0
30772,10000.0
30773,10000.0
30774,10000.0
30775,10000.0
30776,10000.0
30777,10000.0
30778,10000.0
30779,10000.0
30780,10000.0
30781,10000.0
30782,10000.0
30783,10000.0
30784,10000.0
30785,10000.0
30786,10000.0
30787,10000.0
30788,10000.0
30789,10000.0
30790,10000.0
30791,10000.0
30792,10000.0
30793,10000.0
30794,10000.0
30795,10000.0
30796,10000.0
30797,10000.0
30798,10000.0
30799,10000.0
30800,10000.0
30801,10000.0
30802,10000.0
30803,10000.0
30804,10000.0
30805,10000.0
30806,10000.0
30807,10000.0
30808,10000.0
30809,10000.0
30810,10000.0
30811,10000.0
30812,10000.0
30813,10000.0
30814,10000.0
30815,10000.0
30816,10000.0
30817,10000.0
30818,10000.0
30819,10000.0
30820,10000.0
30821,10000.0
30822,10000.0
30823,10000.0
30824,10000.0
30825,10000.0
30826,10000.0
30827,10000.0
30828,10000.0
30829,10000.0
30830,10000.0
30831,10000.0
30832,10000.0
30833,10000.0
30834,10000.0
30835,10000.0
30836,10000.0
30837,10000.0
30838,10000.0
30839,10000.0
30840,10000.0
30841,10000.0
30842,10000.0
30843,10000.0
30844,10000.0
30845,10000.0
30846,10000.0
30847,10000.0
30848,10000.0
30849,10000.0
30850,10000.0
30851,10000.0
30852,10000.0
30853,10000.0
30854,10000.0
30855,10000.0
30856,10000.0
30857,10000.0
30858,10000.0
30859,10000.0
30860,10000.0
30861,10000.0
30862,10000.0
30863,10000.0
30864,10000.0
30865,10000.0
30866,10000.0
30867,10000.0
30868,10000.0
30869,10000.0
30870,10000.0
30871,10000.0
30872,10000.0
30873,10000.0
30874,10000.0
30875,10000.0
30876,10000.0
30877,10000.0
30878,10000.0
30879,10000.0
30880,10000.0
30881,10000.0
30882,10000.0
30883,10000.0
30884,10000.0
30885,10000.0
30886,10000.0
30887,10000.0
30888,10000.0
30889,10000.0
30890,10000.0
30891,10000.0
30892,10000.0
30893,10000.0
30894,10000.0
30895,10000.0
30896,10000.0
30897,10000.0
30898,10000.0
30899,10000.0
30900,10000.0
30901,10000.0
30902,10000.0
30903,10000.0
30904,10000.0
30905,10000.0
30906,10000.0
30907,10000.0
30908,10000.0
30909,10000.0
30910,10000.0
30911,10000.0
30912,10000.0
30913,10000.0
30914,10000.0
30915,10000.0
30916,10000.0
30917,10000.0
30918,10000.0
30919,10000.0
30920,10000.0
30921,10000.0
30922,10000.0
30923,10000.0
30924,10000.0
30925,10000.0
30926,10000.0
30927,10000.0
30928,10000.0
30929,10000.0
30930,10000.0
30931,10000.0
30932,10000.0
30933,10000.0
30934,10000.0
30935,10000.0
30936,10000.0
30937,10000.0
30938,10000.0
30939,10000.0
30940,10000.0
30941,10000.0
30942,10000.0
30943,10000.0
30944,10000.0
30945,10000.0
30946,10000.0
30947,10000.0
30948,10000.0
30949,10000.0
30950,10000.0
30951,10000.0
30952,10000.0
30953,10000.0
30954,10000.0
30955,10000.0
30956,10000.0
30957,10000.0
30958,10000.0
30959,10000.0
30960,10000.0
30961,10000.0
30962,10000.0
30963,10000.0
30964,10000.0
30965,10000.0
30966,10000.0
30967,10000.0
30968,10000.0
30969,10000.0
30970,10000.0
30971,10000.0
30972,10000.0
30973,10000.0
30974,10000.0
30975,10000.0
30976,10000.0
30977,10000.0
30978,10000.0
30979,10000.0
30980,10000.0
30981,10000.0
30982,10000.0
30983,10000.0
30984,10000.0
30985,10000.0
30986,10000.0
30987,10000.0
30988,10000.0
30989,10000.0
30990,10000.0
30991,10000.0
30992,10000.0
30993,10000.0
30994,10000.0
30995,10000.0
30996,10000.0
30997,10000.0
30998,10000.0
30999,10000.0
31000,10000.0
31001,10000.0
31002,10000.0
31003,10000.0
31004,10000.0
31005,10000.0
31006,10000.0
31007,10000.0
31008,10000.0
31009,10000.0
31010,10000.0
31011,10000.0
31012,10000.0
31013,10000.0
31014,10000.0
31015,10000.0
31016,10000.0
31017,10000.0
31018,10000.0
31019,10000.0
31020,10000.0
31021,10000.0
31022,10000.0
31023,10000.0
31024,10000.0
31025,10000.0
31026,10000.0
31027,10000.0
31028,10000.0
31029,10000.0
31030,10000.0
31031,10000.0
31032,10000.0
31033,10000.0
31034,10000.0
31035,10000.0
31036,10000.0
31037,10000.0
31038,10000.0
31039,10000.0
31040,10000.0
31041,10000.0
31042,10000.0
31043,10000.0
31044,10000.0
31045,10000.0
31046,10000.0
31047,10000.0
31048,10000.0
31049,10000.0
31050,10000.0
31051,10000.0
31052,10000.0
31053,10000.0
31054,10000.0
31055,10000.0
31056,10000.0
31057,10000.0
31058,10000.0
31059,10000.0
31060,10000.0
31061,10000.0
31062,10000.0
31063,10000.0
31064,10000.0
31065,10000.0
31066,10000.0
31067,10000.0
31068,10000.0
31069,10000.0
31070,10000.0
31071,10000.0
31072,10000.0
31073,10000.0
31074,10000.0
31075,10000.0
31076,10000.0
31077,10000.0
31078,10000.0
31079,10000.0
31080,10000.0
31081,10000.0
31082,10000.0
31083,10000.0
31084,10000.0
31085,10000.0
31086,10000.0
31087,10000.0
31088,10000.0
31089,10000.0
31090,10000.0
31091,10000.0
31092,10000.0
31093,10000.0
31094,10000.0
31095,10000.0
31096,10000.0
31097,10000.0
31098,10000.0
31099,10000.0
31100,10000.0
31101,10000.0
31102,10000.0
31103,10000.0
31104,10000.0
31105,10000.0
31106,10000.0
31107,10000.0
31108,10000.0
31109,10000.0
31110,10000.0
31111,10000.0
31112,10000.0
31113,10000.0
31114,10000.0
31115,10000.0
31116,10000.0
31117,10000.0
31118,10000.0
31119,10000.0
31120,10000.0
31121,10000.0
31122,10000.0
31123,10000.0
31124,10000.0
31125,10000.0
31126,10000.0
31127,10000.0
31128,10000.0
31129,10000.0
31130,10000.0
31131,10000.0
31132,10000.0
31133,10000.0
31134,10000.0
31135,10000.0
31136,10000.0
31137,10000.0
31138,10000.0
31139,10000.0
31140,10000.0
31141,10000.0
31142,10000.0
31143,10000.0
31144,10000.0
31145,10000.0
31146,10000.0
31147,10000.0
31148,10000.0
31149,10000.0
31150,10000.0
31151,10000.0
31152,10000.0
31153,10000.0
31154,10000.0
31155,10000.0
31156,10000.0
31157,10000.0
31158,10000.0
31159,10000.0
31160,10000.0
31161,10000.0
31162,10000.0
31163,10000.0
31164,10000.0
31165,10000.0
31166,10000.0
31167,10000.0
31168,10000.0
31169,10000.0
31170,10000.0
31171,10000.0
31172,10000.0
31173,10000.0
31174,10000.0
31175,10000.0
31176,10000.0
31177,10000.0
31178,10000.0
31179,10000.0
31180,10000.0
31181,10000.0
31182,10000.0
31183,10000.0
31184,10000.0
31185,10000.0
31186,10000.0
31187,10000.0
31188,10000.0
31189,10000.0
31190,10000.0
31191,10000.0
31192,10000.0
31193,10000.0
31194,10000.0
31195,10000.0
31196,10000.0
31197,10000.0
31198,10000.0
31199,10000.0
31200,10000.0
31201,10000.0
31202,10000.0
31203,10000.0
31204,10000.0
31205,10000.0
31206,10000.0
31207,10000.0
31208,10000.0
31209,10000.0
31210,10000.0
31211,10000.0
31212,10000.0
31213,10000.0
31214,10000.0
31215,10000.0
31216,10000.0
31217,10000.0
31218,10000.0
31219,10000.0
31220,10000.0
31221,10000.0
31222,10000.0
31223,10000.0
31224,10000.0
31225,10000.0
31226,10000.0
31227,10000.0
31228,10000.0
31229,10000.0
31230,10000.0
31231,10000.0
31232,10000.0
31233,10000.0
31234,10000.0
31235,10000.0
31236,10000.0
31237,10000.0
31238,10000.0
31239,10000.0
31240,10000.0
31241,10000.0
31242,10000.0
31243,10000.0
31244,10000.0
31245,10000.0
31246,10000.0
31247,10000.0
31248,10000.0
31249,10000.0
31250,10000.0
31251,10000.0
31252,10000.0
31253,10000.0
31254,10000.0
31255,10000.0
31256,10000.0
31257,10000.0
31258,10000.0
31259,10000.0
31260,10000.0
31261,10000.0
31262,10000.0
31263,10000.0
31264,10000.0
31265,10000.0
31266,10000.0
31267,10000.0
31268,10000.0
31269,10000.0
31270,10000.0
31271,10000.0
31272,10000.0
31273,10000.0
31274,10000.0
31275,10000.0
31276,10000.0
31277,10000.0
31278,10000.0
31279,10000.0
31280,10000.0
31281,10000.0
31282,10000.0
31283,10000.0
31284,10000.0
31285,10000.0
31286,10000.0
31287,10000.0
31288,10000.0
31289,10000.0
31290,10000.0
31291,10000.0
31292,10000.0
31293,10000.0
31294,10000.0
31295,10000.0
31296,10000.0
31297,10000.0
31298,10000.0
31299,10000.0
31300,10000.0
31301,10000.0
31302,10000.0
31303,10000.0
31304,10000.0
31305,10000.0
31306,10000.0
31307,10000.0
31308,10000.0
31309,10000.0
31310,10000.0
31311,10000.0
31312,10000.0
31313,10000.0
31314,10000.0
31315,10000.0
31316,10000.0
31317,10000.0
31318,10000.0
31319,10000.0
31320,10000.0
31321,10000.0
31322,10000.0
31323,10000.0
31324,10000.0
31325,10000.0
31326,10000.0
31327,10000.0
31328,10000.0
31329,10000.0
31330,10000.0
31331,10000.0
31332,10000.0
31333,10000.0
31334,10000.0
31335,10000.0
31336,10000.0
31337,10000.0
31338,10000.0
31339,10000.0
31340,10000.0
31341,10000.0
31342,10000.0
31343,10000.0
31344,10000.0
31345,10000.0
31346,10000.0
31347,10000.0
31348,10000.0
31349,10000.0
31350,10000.0
31351,10000.0
31352,10000.0
31353,10000.0
31354,10000.0
31355,10000.0
31356,10000.0
31357,10000.0
31358,10000.0
31359,10000.0
31360,10000.0
31361,10000.0
31362,10000.0
31363,10000.0
31364,10000.0
31365,10000.0
31366,10000.0
31367,10000.0
31368,10000.0
31369,10000.0
31370,10000.0
31371,10000.0
31372,10000.0
31373,10000.0
31374,10000.0
31375,10000.0
31376,10000.0
31377,10000.0
31378,10000.0
31379,10000.0
31380,10000.0
31381,10000.0
31382,10000.0
31383,10000.0
31384,10000.0
31385,10000.0
31386,10000.0
31387,10000.0
31388,10000.0
31389,10000.0
31390,10000.0
31391,10000.0
31392,10000.0
31393,10000.0
31394,10000.0
31395,10000.0
31396,10000.0
31397,10000.0
31398,10000.0
31399,10000.0
31400,10000.0
31401,10000.0
31402,10000.0
31403,10000.0
31404,10000.0
31405,10000.0
31406,10000.0
31407,10000.0
31408,10000.0
31409,10000.0
31410,10000.0
31411,10000.0
31412,10000.0
31413,10000.0
31414,10000.0
31415,10000.0
31416,10000.0
31417,10000.0
31418,10000.0
31419,10000.0
31420,10000.0
31421,10000.0
31422,10000.0
31423,10000.0
31424,10000.0
31425,10000.0
31426,10000.0
31427,10000.0
31428,10000.0
31429,10000.0
31430,10000.0
31431,10000.0
31432,10000.0
31433,10000.0
31434,10000.0
31435,10000.0
31436,10000.0
31437,10000.0
31438,10000.0
31439,10000.0
31440,10000.0
31441,10000.0
31442,10000.0
31443,10000.0
31444,10000.0
31445,10000.0
31446,10000.0
31447,10000.0
31448,10000.0
31449,10000.0
31450,10000.0
31451,10000.0
31452,10000.0
31453,10000.0
31454,10000.0
31455,10000.0
31456,10000.0
31457,10000.0
31458,10000.0
31459,10000.0
31460,10000.0
31461,10000.0
31462,10000.0
31463,10000.0
31464,10000.0
31465,10000.0
31466,10000.0
31467,10000.0
31468,10000.0
31469,10000.0
31470,10000.0
31471,10000.0
31472,10000.0
31473,10000.0
31474,10000.0
31475,10000.0
31476,10000.0
31477,10000.0
31478,10000.0
31479,10000.0
31480,10000.0
31481,10000.0
31482,10000.0
31483,10000.0
31484,10000.0
31485,10000.0
31486,10000.0
31487,10000.0
31488,10000.0
31489,10000.0
31490,10000.0
31491,10000.0
31492,10000.0
31493,10000.0
31494,10000.0
31495,10000.0
31496,10000.0
31497,10000.0
31498,10000.0
31499,10000.0
31500,10000.0
31501,10000.0
31502,10000.0
31503,10000.0
31504,10000.0
31505,10000.0
31506,10000.0
31507,10000.0
31508,10000.0
31509,10000.0
31510,10000.0
31511,10000.0
31512,10000.0
31513,10000.0
31514,10000.0
31515,10000.0
31516,10000.0
31517,10000.0
31518,10000.0
31519,10000.0
31520,10000.0
31521,10000.0
31522,10000.0
31523,10000.0
31524,10000.0
31525,10000.0
31526,10000.0
31527,10000.0
31528,10000.0
31529,10000.0
31530,10000.0
31531,10000.0
31532,10000.0
31533,10000.0
31534,10000.0
31535,10000.0
31536,10000.0
31537,10000.0
31538,10000.0
31539,10000.0
31540,10000.0
31541,10000.0
31542,10000.0
31543,10000.0
31544,10000.0
31545,10000.0
31546,10000.0
31547,10000.0
31548,10000.0
31549,10000.0
31550,10000.0
31551,10000.0
31552,10000.0
31553,10000.0
31554,10000.0
31555,10000.0
31556,10000.0
31557,10000.0
31558,10000.0
31559,10000.0
31560,10000.0
31561,10000.0
31562,10000.0
31563,10000.0
31564,10000.0
31565,10000.0
31566,10000.0
31567,10000.0
31568,10000.0
31569,10000.0
31570,10000.0
31571,10000.0
31572,10000.0
31573,10000.0
31574,10000.0
31575,10000.0
31576,10000.0
31577,10000.0
31578,10000.0
31579,10000.0
31580,10000.0
31581,10000.0
31582,10000.0
31583,10000.0
31584,10000.0
31585,10000.0
31586,10000.0
31587,10000.0
31588,10000.0
31589,10000.0
31590,10000.0
31591,10000.0
31592,10000.0
31593,10000.0
31594,10000.0
31595,10000.0
31596,10000.0
31597,10000.0
31598,10000.0
31599,10000.0
31600,10000.0
31601,10000.0
31602,10000.0
31603,10000.0
31604,10000.0
31605,10000.0
31606,10000.0
31607,10000.0
31608,10000.0
31609,10000.0
31610,10000.0
31611,10000.0
31612,10000.0
31613,10000.0
31614,10000.0
31615,10000.0
31616,10000.0
31617,10000.0
31618,10000.0
31619,10000.0
31620,10000.0
31621,10000.0
31622,10000.0
31623,10000.0
31624,10000.0
31625,10000.0
31626,10000.0
31627,10000.0
31628,10000.0
31629,10000.0
31630,10000.0
31631,10000.0
31632,10000.0
31633,10000.0
31634,10000.0
31635,10000.0
31636,10000.0
31637,10000.0
31638,10000.0
31639,10000.0
31640,10000.0
31641,10000.0
31642,10000.0
31643,10000.0
31644,10000.0
31645,10000.0
31646,10000.0
31647,10000.0
31648,10000.0
31649,10000.0
31650,10000.0
31651,10000.0
31652,10000.0
31653,10000.0
31654,10000.0
31655,10000.0
31656,10000.0
31657,10000.0
31658,10000.0
31659,10000.0
31660,10000.0
31661,10000.0
31662,10000.0
31663,10000.0
31664,10000.0
31665,10000.0
31666,10000.0
31667,10000.0
31668,10000.0
31669,10000.0
31670,10000.0
31671,10000.0
31672,10000.0
31673,10000.0
31674,10000.0
31675,10000.0
31676,10000.0
31677,10000.0
31678,10000.0
31679,10000.0
31680,10000.0
31681,10000.0
31682,10000.0
31683,10000.0
31684,10000.0
31685,10000.0
31686,10000.0
31687,10000.0
31688,10000.0
31689,10000.0
31690,10000.0
31691,10000.0
31692,10000.0
31693,10000.0
31694,10000.0
31695,10000.0
31696,10000.0
31697,10000.0
31698,10000.0
31699,10000.0
31700,10000.0
31701,10000.0
31702,10000.0
31703,10000.0
31704,10000.0
31705,10000.0
31706,10000.0
31707,10000.0
31708,10000.0
31709,10000.0
31710,10000.0
31711,10000.0
31712,10000.0
31713,10000.0
31714,10000.0
31715,10000.0
31716,10000.0
31717,10000.0
31718,10000.0
31719,10000.0
31720,10000.0
31721,10000.0
31722,10000.0
31723,10000.0
31724,10000.0
31725,10000.0
31726,10000.0
31727,10000.0
31728,10000.0
31729,10000.0
31730,10000.0
31731,10000.0
31732,10000.0
31733,10000.0
31734,10000.0
31735,10000.0
31736,10000.0
31737,10000.0
31738,10000.0
31739,10000.0
31740,10000.0
31741,10000.0
31742,10000.0
31743,10000.0
31744,10000.0
31745,10000.0
31746,10000.0
31747,10000.0
31748,10000.0
31749,10000.0
31750,10000.0
31751,10000.0
31752,10000.0
31753,10000.0
31754,10000.0
31755,10000.0
31756,10000.0
31757,10000.0
31758,10000.0
31759,10000.0
31760,10000.0
31761,10000.0
31762,10000.0
31763,10000.0
31764,10000.0
31765,10000.0
31766,10000.0
31767,10000.0
31768,10000.0
31769,10000.0
31770,10000.0
31771,10000.0
31772,10000.0
31773,10000.0
31774,10000.0
31775,10000.0
31776,10000.0
31777,10000.0
31778,10000.0
31779,10000.0
31780,10000.0
31781,10000.0
31782,10000.0
31783,10000.0
31784,10000.0
31785,10000.0
31786,10000.0
31787,10000.0
31788,10000.0
31789,10000.0
31790,10000.0
31791,10000.0
31792,10000.0
31793,10000.0
31794,10000.0
31795,10000.0
31796,10000.0
31797,10000.0
31798,10000.0
31799,10000.0
31800,10000.0
31801,10000.0
31802,10000.0
31803,10000.0
31804,10000.0
31805,10000.0
31806,10000.0
31807,10000.0
31808,10000.0
31809,10000.0
31810,10000.0
31811,10000.0
31812,10000.0
31813,10000.0
31814,10000.0
31815,10000.0
31816,10000.0
31817,10000.0
31818,10000.0
31819,10000.0
31820,10000.0
31821,10000.0
31822,10000.0
31823,10000.0
31824,10000.0
31825,10000.0
31826,10000.0
31827,10000.0
31828,10000.0
31829,10000.0
31830,10000.0
31831,10000.0
31832,10000.0
31833,10000.0
31834,10000.0
31835,10000.0
31836,10000.0
31837,10000.0
31838,10000.0
31839,10000.0
31840,10000.0
31841,10000.0
31842,10000.0
31843,10000.0
31844,10000.0
31845,10000.0
31846,10000.0
31847,10000.0
31848,10000.0
31849,10000.0
31850,10000.0
31851,10000.0
31852,10000.0
31853,10000.0
31854,10000.0
31855,10000.0
31856,10000.0
31857,10000.0
31858,10000.0
31859,10000.0
31860,10000.0
31861,10000.0
31862,10000.0
31863,10000.0
31864,10000.0
31865,10000.0
31866,10000.0
31867,10000.0
31868,10000.0
31869,10000.0
31870,10000.0
31871,10000.0
31872,10000.0
31873,10000.0
31874,10000.0
31875,10000.0
31876,10000.0
31877,10000.0
31878,10000.0
31879,10000.0
31880,10000.0
31881,10000.0
31882,10000.0
31883,10000.0
31884,10000.0
31885,10000.0
31886,10000.0
31887,10000.0
31888,10000.0
31889,10000.0
31890,10000.0
31891,10000.0
31892,10000.0
31893,10000.0
31894,10000.0
31895,10000.0
31896,10000.0
31897,10000.0
31898,10000.0
31899,10000.0
31900,10000.0
31901,10000.0
31902,10000.0
31903,10000.0
31904,10000.0
31905,10000.0
31906,10000.0
31907,10000.0
31908,10000.0
31909,10000.0
31910,10000.0
31911,10000.0
31912,10000.0
31913,10000.0
31914,10000.0
31915,10000.0
31916,10000.0
31917,10000.0
31918,10000.0
31919,10000.0
31920,10000.0
31921,10000.0
31922,10000.0
31923,10000.0
31924,10000.0
31925,10000.0
31926,10000.0
31927,10000.0
31928,10000.0
31929,10000.0
31930,10000.0
31931,10000.0
31932,10000.0
31933,10000.0
31934,10000.0
31935,10000.0
31936,10000.0
31937,10000.0
31938,10000.0
31939,10000.0
31940,10000.0
31941,10000.0
31942,10000.0
31943,10000.0
31944,10000.0
31945,10000.0
31946,10000.0
31947,10000.0
31948,10000.0
31949,10000.0
31950,10000.0
31951,10000.0
31952,10000.0
31953,10000.0
31954,10000.0
31955,10000.0
31956,10000.0
31957,10000.0
31958,10000.0
31959,10000.0
31960,10000.0
31961,10000.0
31962,10000.0
31963,10000.0
31964,10000.0
31965,10000.0
31966,10000.0
31967,10000.0
31968,10000.0
31969,10000.0
31970,10000.0
31971,10000.0
31972,10000.0
31973,10000.0
31974,10000.0
31975,10000.0
31976,10000.0
31977,10000.0
31978,10000.0
31979,10000.0
31980,10000.0
31981,10000.0
31982,10000.0
31983,10000.0
31984,10000.0
31985,10000.0
31986,10000.0
31987,10000.0
31988,10000.0
31989,10000.0
31990,10000.0
31991,10000.0
31992,10000.0
31993,10000.0
31994,10000.0
31995,10000.0
31996,10000.0
31997,10000.0
31998,10000.0
31999,10000.0
32000,10000.0
32001,10000.0
32002,10000.0
32003,10000.0
32004,10000.0
32005,10000.0
32006,10000.0
32007,10000.0
32008,10000.0
32009,10000.0
32010,10000.0
32011,10000.0
32012,10000.0
32013,10000.0
32014,10000.0
32015,10000.0
32016,10000.0
32017,10000.0
32018,10000.0
32019,10000.0
32020,10000.0
32021,10000.0
32022,10000.0
32023,10000.0
32024,10000.0
32025,10000.0
32026,10000.0
32027,10000.0
32028,10000.0
32029,10000.0
32030,10000.0
32031,10000.0
32032,10000.0
32033,10000.0
32034,10000.0
32035,10000.0
32036,10000.0
32037,10000.0
32038,10000.0
32039,10000.0
32040,10000.0
32041,10000.0
32042,10000.0
32043,10000.0
32044,10000.0
32045,10000.0
32046,10000.0
32047,10000.0
32048,10000.0
32049,10000.0
32050,10000.0
32051,10000.0
32052,10000.0
32053,10000.0
32054,10000.0
32055,10000.0
32056,10000.0
32057,10000.0
32058,10000.0
32059,10000.0
32060,10000.0
32061,10000.0
32062,10000.0
32063,10000.0
32064,10000.0
32065,10000.0
32066,10000.0
32067,10000.0
32068,10000.0
32069,10000.0
32070,10000.0
32071,10000.0
32072,10000.0
32073,10000.0
32074,10000.0
32075,10000.0
