,Id,Country_Region,Date,ConfirmedCases,Fatalities
1,36,Argentina,26/02/2020,0.0,0.0
2,37,Argentina,27/02/2020,0.0,0.0
3,38,Argentina,28/02/2020,0.0,0.0
4,39,Argentina,29/02/2020,0.0,0.0
5,40,Argentina,1/03/2020,0.0,0.0
6,41,Argentina,2/03/2020,0.0,0.0
7,42,Argentina,3/03/2020,1.0,0.0
8,43,Argentina,4/03/2020,1.0,0.0
9,44,Argentina,5/03/2020,1.0,0.0
10,45,Argentina,6/03/2020,2.0,0.0
11,46,Argentina,7/03/2020,8.0,0.0
12,47,Argentina,8/03/2020,12.0,1.0
13,48,Argentina,9/03/2020,12.0,1.0
14,49,Argentina,10/03/2020,17.0,1.0
15,50,Argentina,11/03/2020,19.0,1.0
16,51,Argentina,12/03/2020,19.0,1.0
17,52,Argentina,13/03/2020,31.0,2.0
18,53,Argentina,14/03/2020,34.0,2.0
19,54,Argentina,15/03/2020,45.0,2.0
20,55,Argentina,16/03/2020,56.0,2.0
21,56,Argentina,17/03/2020,68.0,2.0
22,57,Argentina,18/03/2020,79.0,2.0
23,58,Argentina,19/03/2020,97.0,3.0
24,59,Argentina,20/03/2020,128.0,3.0
25,60,Argentina,21/03/2020,158.0,4.0
26,61,Argentina,22/03/2020,266.0,4.0
27,62,Argentina,23/03/2020,301.0,4.0
28,63,Argentina,24/03/2020,387.0,6.0
29,64,Argentina,25/03/2020,387.0,8.0
30,65,Argentina,26/03/2020,502.0,9.0
31,66,Argentina,27/03/2020,589.0,13.0
32,67,Argentina,28/03/2020,690.0,18.0
33,68,Argentina,29/03/2020,745.0,19.0
34,69,Argentina,30/03/2020,820.0,23.0
35,70,Argentina,31/03/2020,1054.0,27.0
36,71,Argentina,1/04/2020,1054.0,28.0
37,72,Argentina,2/04/2020,1133.0,36.0
38,73,Argentina,3/04/2020,1265.0,39.0
39,74,Argentina,4/04/2020,1451.0,43.0
40,75,Argentina,5/04/2020,1451.0,44.0
41,76,Argentina,6/04/2020,1554.0,48.0
42,77,Argentina,7/04/2020,1628.0,56.0
43,78,Argentina,8/04/2020,1715.0,63.0
44,79,Argentina,9/04/2020,1795.0,72.0
45,80,Argentina,10/04/2020,1975.0,82.0
46,81,Argentina,11/04/2020,1975.0,83.0
47,82,Argentina,12/04/2020,2142.0,90.0
48,83,Argentina,13/04/2020,2208.0,97.0
49,84,Argentina,14/04/2020,2277.0,102.0
50,85,Argentina,15/04/2020,2443.0,111.0
51,86,Argentina,16/04/2020,2571.0,115.0
52,87,Argentina,17/04/2020,2669.0,123.0
53,88,Argentina,18/04/2020,2758.0,129.0
54,89,Argentina,19/04/2020,2839.0,132.0
55,90,Argentina,20/04/2020,2941.0,136.0
56,91,Argentina,21/04/2020,3031.0,147.0
57,92,Argentina,22/04/2020,3144.0,152.0
58,93,Argentina,23/04/2020,3435.0,165.0
59,94,Argentina,24/04/2020,3607.0,176.0
60,95,Argentina,25/04/2020,3780.0,185.0
61,96,Argentina,26/04/2020,3892.0,192.0
62,97,Argentina,27/04/2020,4003.0,197.0
63,98,Argentina,28/04/2020,4127.0,207.0
64,134,Bolivia,26/02/2020,0.0,0.0
65,135,Bolivia,27/02/2020,0.0,0.0
66,136,Bolivia,28/02/2020,0.0,0.0
67,137,Bolivia,29/02/2020,0.0,0.0
68,138,Bolivia,1/03/2020,0.0,0.0
69,139,Bolivia,2/03/2020,0.0,0.0
70,140,Bolivia,3/03/2020,0.0,0.0
71,141,Bolivia,4/03/2020,0.0,0.0
72,142,Bolivia,5/03/2020,0.0,0.0
73,143,Bolivia,6/03/2020,0.0,0.0
74,144,Bolivia,7/03/2020,0.0,0.0
75,145,Bolivia,8/03/2020,0.0,0.0
76,146,Bolivia,9/03/2020,0.0,0.0
77,147,Bolivia,10/03/2020,0.0,0.0
78,148,Bolivia,11/03/2020,2.0,0.0
79,149,Bolivia,12/03/2020,2.0,0.0
80,150,Bolivia,13/03/2020,3.0,0.0
81,151,Bolivia,14/03/2020,10.0,0.0
82,152,Bolivia,15/03/2020,10.0,0.0
83,153,Bolivia,16/03/2020,11.0,0.0
84,154,Bolivia,17/03/2020,11.0,0.0
85,155,Bolivia,18/03/2020,12.0,0.0
86,156,Bolivia,19/03/2020,12.0,0.0
87,157,Bolivia,20/03/2020,15.0,0.0
88,158,Bolivia,21/03/2020,19.0,0.0
89,159,Bolivia,22/03/2020,24.0,0.0
90,160,Bolivia,23/03/2020,27.0,0.0
91,161,Bolivia,24/03/2020,29.0,0.0
92,162,Bolivia,25/03/2020,32.0,0.0
93,163,Bolivia,26/03/2020,43.0,0.0
94,164,Bolivia,27/03/2020,61.0,0.0
95,165,Bolivia,28/03/2020,74.0,0.0
96,166,Bolivia,29/03/2020,81.0,1.0
97,167,Bolivia,30/03/2020,97.0,4.0
98,168,Bolivia,31/03/2020,107.0,6.0
99,169,Bolivia,1/04/2020,115.0,7.0
100,170,Bolivia,2/04/2020,123.0,8.0
101,171,Bolivia,3/04/2020,132.0,9.0
102,172,Bolivia,4/04/2020,139.0,10.0
103,173,Bolivia,5/04/2020,157.0,10.0
104,174,Bolivia,6/04/2020,183.0,11.0
105,175,Bolivia,7/04/2020,194.0,14.0
106,176,Bolivia,8/04/2020,210.0,15.0
107,177,Bolivia,9/04/2020,264.0,18.0
108,178,Bolivia,10/04/2020,268.0,19.0
109,179,Bolivia,11/04/2020,275.0,20.0
110,180,Bolivia,12/04/2020,300.0,24.0
111,181,Bolivia,13/04/2020,330.0,27.0
112,182,Bolivia,14/04/2020,354.0,28.0
113,183,Bolivia,15/04/2020,397.0,28.0
114,184,Bolivia,16/04/2020,441.0,29.0
115,185,Bolivia,17/04/2020,465.0,31.0
116,186,Bolivia,18/04/2020,493.0,31.0
117,187,Bolivia,19/04/2020,520.0,32.0
118,188,Bolivia,20/04/2020,564.0,33.0
119,189,Bolivia,21/04/2020,598.0,34.0
120,190,Bolivia,22/04/2020,609.0,37.0
121,191,Bolivia,23/04/2020,703.0,43.0
122,192,Bolivia,24/04/2020,807.0,44.0
123,193,Bolivia,25/04/2020,866.0,46.0
124,194,Bolivia,26/04/2020,950.0,50.0
125,195,Bolivia,27/04/2020,1014.0,53.0
126,196,Bolivia,28/04/2020,1014.0,53.0
127,232,Brazil,26/02/2020,1.0,0.0
128,233,Brazil,27/02/2020,1.0,0.0
129,234,Brazil,28/02/2020,1.0,0.0
130,235,Brazil,29/02/2020,2.0,0.0
131,236,Brazil,1/03/2020,2.0,0.0
132,237,Brazil,2/03/2020,2.0,0.0
133,238,Brazil,3/03/2020,2.0,0.0
134,239,Brazil,4/03/2020,4.0,0.0
135,240,Brazil,5/03/2020,4.0,0.0
136,241,Brazil,6/03/2020,13.0,0.0
137,242,Brazil,7/03/2020,13.0,0.0
138,243,Brazil,8/03/2020,20.0,0.0
139,244,Brazil,9/03/2020,25.0,0.0
140,245,Brazil,10/03/2020,31.0,0.0
141,246,Brazil,11/03/2020,38.0,0.0
142,247,Brazil,12/03/2020,52.0,0.0
143,248,Brazil,13/03/2020,151.0,0.0
144,249,Brazil,14/03/2020,151.0,0.0
145,250,Brazil,15/03/2020,162.0,0.0
146,251,Brazil,16/03/2020,200.0,0.0
147,252,Brazil,17/03/2020,321.0,1.0
148,253,Brazil,18/03/2020,372.0,3.0
149,254,Brazil,19/03/2020,621.0,6.0
150,255,Brazil,20/03/2020,793.0,11.0
151,256,Brazil,21/03/2020,1021.0,15.0
152,257,Brazil,22/03/2020,1546.0,25.0
153,258,Brazil,23/03/2020,1924.0,34.0
154,259,Brazil,24/03/2020,2247.0,46.0
155,260,Brazil,25/03/2020,2554.0,59.0
156,261,Brazil,26/03/2020,2985.0,77.0
157,262,Brazil,27/03/2020,3417.0,92.0
158,263,Brazil,28/03/2020,3904.0,111.0
159,264,Brazil,29/03/2020,4256.0,136.0
160,265,Brazil,30/03/2020,4579.0,159.0
161,266,Brazil,31/03/2020,5717.0,201.0
162,267,Brazil,1/04/2020,6836.0,240.0
163,268,Brazil,2/04/2020,8044.0,324.0
164,269,Brazil,3/04/2020,9056.0,359.0
165,270,Brazil,4/04/2020,10360.0,445.0
166,271,Brazil,5/04/2020,11130.0,486.0
167,272,Brazil,6/04/2020,12161.0,564.0
168,273,Brazil,7/04/2020,14034.0,686.0
169,274,Brazil,8/04/2020,16170.0,819.0
170,275,Brazil,9/04/2020,18092.0,950.0
171,276,Brazil,10/04/2020,19638.0,1057.0
172,277,Brazil,11/04/2020,20727.0,1124.0
173,278,Brazil,12/04/2020,22192.0,1223.0
174,279,Brazil,13/04/2020,23430.0,1328.0
175,280,Brazil,14/04/2020,25262.0,1532.0
176,281,Brazil,15/04/2020,28320.0,1736.0
177,282,Brazil,16/04/2020,30425.0,1924.0
178,283,Brazil,17/04/2020,33682.0,2141.0
179,284,Brazil,18/04/2020,36658.0,2354.0
180,285,Brazil,19/04/2020,38654.0,2462.0
181,286,Brazil,20/04/2020,40743.0,2587.0
182,287,Brazil,21/04/2020,43079.0,2741.0
183,288,Brazil,22/04/2020,45757.0,2906.0
184,289,Brazil,23/04/2020,50036.0,3331.0
185,290,Brazil,24/04/2020,54043.0,3704.0
186,291,Brazil,25/04/2020,59324.0,4057.0
187,292,Brazil,26/04/2020,63100.0,4286.0
188,293,Brazil,27/04/2020,67446.0,4603.0
189,294,Brazil,28/04/2020,73235.0,5083.0
190,330,Chile,26/02/2020,0.0,0.0
191,331,Chile,27/02/2020,0.0,0.0
192,332,Chile,28/02/2020,0.0,0.0
193,333,Chile,29/02/2020,0.0,0.0
194,334,Chile,1/03/2020,0.0,0.0
195,335,Chile,2/03/2020,0.0,0.0
196,336,Chile,3/03/2020,1.0,0.0
197,337,Chile,4/03/2020,1.0,0.0
198,338,Chile,5/03/2020,4.0,0.0
199,339,Chile,6/03/2020,4.0,0.0
200,340,Chile,7/03/2020,4.0,0.0
201,341,Chile,8/03/2020,8.0,0.0
202,342,Chile,9/03/2020,8.0,0.0
203,343,Chile,10/03/2020,13.0,0.0
204,344,Chile,11/03/2020,23.0,0.0
205,345,Chile,12/03/2020,23.0,0.0
206,346,Chile,13/03/2020,43.0,0.0
207,347,Chile,14/03/2020,61.0,0.0
208,348,Chile,15/03/2020,74.0,0.0
209,349,Chile,16/03/2020,155.0,0.0
210,350,Chile,17/03/2020,201.0,0.0
211,351,Chile,18/03/2020,238.0,0.0
212,352,Chile,19/03/2020,238.0,0.0
213,353,Chile,20/03/2020,434.0,0.0
214,354,Chile,21/03/2020,537.0,0.0
215,355,Chile,22/03/2020,632.0,1.0
216,356,Chile,23/03/2020,746.0,2.0
217,357,Chile,24/03/2020,922.0,2.0
218,358,Chile,25/03/2020,1142.0,3.0
219,359,Chile,26/03/2020,1306.0,4.0
220,360,Chile,27/03/2020,1610.0,5.0
221,361,Chile,28/03/2020,1909.0,6.0
222,362,Chile,29/03/2020,2139.0,7.0
223,363,Chile,30/03/2020,2449.0,8.0
224,364,Chile,31/03/2020,2738.0,12.0
225,365,Chile,1/04/2020,3031.0,16.0
226,366,Chile,2/04/2020,3404.0,18.0
227,367,Chile,3/04/2020,3737.0,22.0
228,368,Chile,4/04/2020,4161.0,27.0
229,369,Chile,5/04/2020,4471.0,34.0
230,370,Chile,6/04/2020,4815.0,37.0
231,371,Chile,7/04/2020,5116.0,43.0
232,372,Chile,8/04/2020,5546.0,48.0
233,373,Chile,9/04/2020,5972.0,57.0
234,374,Chile,10/04/2020,6501.0,65.0
235,375,Chile,11/04/2020,6927.0,73.0
236,376,Chile,12/04/2020,7213.0,80.0
237,377,Chile,13/04/2020,7525.0,82.0
238,378,Chile,14/04/2020,7917.0,92.0
239,379,Chile,15/04/2020,8273.0,94.0
240,380,Chile,16/04/2020,8807.0,105.0
241,381,Chile,17/04/2020,9252.0,116.0
242,382,Chile,18/04/2020,9730.0,126.0
243,383,Chile,19/04/2020,10088.0,133.0
244,384,Chile,20/04/2020,10507.0,139.0
245,385,Chile,21/04/2020,10832.0,147.0
246,386,Chile,22/04/2020,11296.0,160.0
247,387,Chile,23/04/2020,11812.0,168.0
248,388,Chile,24/04/2020,12306.0,174.0
249,389,Chile,25/04/2020,12858.0,181.0
250,390,Chile,26/04/2020,13331.0,189.0
251,391,Chile,27/04/2020,13813.0,198.0
252,392,Chile,28/04/2020,14365.0,207.0
253,428,Colombia,26/02/2020,0.0,0.0
254,429,Colombia,27/02/2020,0.0,0.0
255,430,Colombia,28/02/2020,0.0,0.0
256,431,Colombia,29/02/2020,0.0,0.0
257,432,Colombia,1/03/2020,0.0,0.0
258,433,Colombia,2/03/2020,0.0,0.0
259,434,Colombia,3/03/2020,0.0,0.0
260,435,Colombia,4/03/2020,0.0,0.0
261,436,Colombia,5/03/2020,0.0,0.0
262,437,Colombia,6/03/2020,1.0,0.0
263,438,Colombia,7/03/2020,1.0,0.0
264,439,Colombia,8/03/2020,1.0,0.0
265,440,Colombia,9/03/2020,1.0,0.0
266,441,Colombia,10/03/2020,3.0,0.0
267,442,Colombia,11/03/2020,9.0,0.0
268,443,Colombia,12/03/2020,9.0,0.0
269,444,Colombia,13/03/2020,13.0,0.0
270,445,Colombia,14/03/2020,22.0,0.0
271,446,Colombia,15/03/2020,34.0,0.0
272,447,Colombia,16/03/2020,54.0,0.0
273,448,Colombia,17/03/2020,65.0,0.0
274,449,Colombia,18/03/2020,93.0,0.0
275,450,Colombia,19/03/2020,102.0,0.0
276,451,Colombia,20/03/2020,128.0,0.0
277,452,Colombia,21/03/2020,196.0,0.0
278,453,Colombia,22/03/2020,231.0,2.0
279,454,Colombia,23/03/2020,277.0,3.0
280,455,Colombia,24/03/2020,378.0,3.0
281,456,Colombia,25/03/2020,470.0,4.0
282,457,Colombia,26/03/2020,491.0,6.0
283,458,Colombia,27/03/2020,539.0,6.0
284,459,Colombia,28/03/2020,608.0,6.0
285,460,Colombia,29/03/2020,702.0,10.0
286,461,Colombia,30/03/2020,798.0,12.0
287,462,Colombia,31/03/2020,906.0,16.0
288,463,Colombia,1/04/2020,1065.0,17.0
289,464,Colombia,2/04/2020,1161.0,19.0
290,465,Colombia,3/04/2020,1267.0,25.0
291,466,Colombia,4/04/2020,1406.0,32.0
292,467,Colombia,5/04/2020,1485.0,35.0
293,468,Colombia,6/04/2020,1579.0,46.0
294,469,Colombia,7/04/2020,1780.0,50.0
295,470,Colombia,8/04/2020,2054.0,54.0
296,471,Colombia,9/04/2020,2223.0,69.0
297,472,Colombia,10/04/2020,2473.0,80.0
298,473,Colombia,11/04/2020,2709.0,100.0
299,474,Colombia,12/04/2020,2776.0,109.0
300,475,Colombia,13/04/2020,2852.0,112.0
301,476,Colombia,14/04/2020,2979.0,127.0
302,477,Colombia,15/04/2020,3105.0,131.0
303,478,Colombia,16/04/2020,3233.0,144.0
304,479,Colombia,17/04/2020,3439.0,153.0
305,480,Colombia,18/04/2020,3439.0,153.0
306,481,Colombia,19/04/2020,3792.0,179.0
307,482,Colombia,20/04/2020,3977.0,189.0
308,483,Colombia,21/04/2020,4149.0,196.0
309,484,Colombia,22/04/2020,4356.0,206.0
310,485,Colombia,23/04/2020,4561.0,215.0
311,486,Colombia,24/04/2020,4881.0,225.0
312,487,Colombia,25/04/2020,5142.0,233.0
313,488,Colombia,26/04/2020,5379.0,244.0
314,489,Colombia,27/04/2020,5597.0,253.0
315,490,Colombia,28/04/2020,5949.0,269.0
316,526,Costa Rica,26/02/2020,0.0,0.0
317,527,Costa Rica,27/02/2020,0.0,0.0
318,528,Costa Rica,28/02/2020,0.0,0.0
319,529,Costa Rica,29/02/2020,0.0,0.0
320,530,Costa Rica,1/03/2020,0.0,0.0
321,531,Costa Rica,2/03/2020,0.0,0.0
322,532,Costa Rica,3/03/2020,0.0,0.0
323,533,Costa Rica,4/03/2020,0.0,0.0
324,534,Costa Rica,5/03/2020,0.0,0.0
325,535,Costa Rica,6/03/2020,1.0,0.0
326,536,Costa Rica,7/03/2020,1.0,0.0
327,537,Costa Rica,8/03/2020,5.0,0.0
328,538,Costa Rica,9/03/2020,9.0,0.0
329,539,Costa Rica,10/03/2020,9.0,0.0
330,540,Costa Rica,11/03/2020,13.0,0.0
331,541,Costa Rica,12/03/2020,22.0,0.0
332,542,Costa Rica,13/03/2020,23.0,0.0
333,543,Costa Rica,14/03/2020,26.0,0.0
334,544,Costa Rica,15/03/2020,27.0,0.0
335,545,Costa Rica,16/03/2020,35.0,0.0
336,546,Costa Rica,17/03/2020,41.0,0.0
337,547,Costa Rica,18/03/2020,50.0,0.0
338,548,Costa Rica,19/03/2020,69.0,1.0
339,549,Costa Rica,20/03/2020,89.0,1.0
340,550,Costa Rica,21/03/2020,117.0,2.0
341,551,Costa Rica,22/03/2020,134.0,2.0
342,552,Costa Rica,23/03/2020,158.0,2.0
343,553,Costa Rica,24/03/2020,177.0,2.0
344,554,Costa Rica,25/03/2020,201.0,2.0
345,555,Costa Rica,26/03/2020,231.0,2.0
346,556,Costa Rica,27/03/2020,263.0,2.0
347,557,Costa Rica,28/03/2020,295.0,2.0
348,558,Costa Rica,29/03/2020,314.0,2.0
349,559,Costa Rica,30/03/2020,330.0,2.0
350,560,Costa Rica,31/03/2020,347.0,2.0
351,561,Costa Rica,1/04/2020,375.0,2.0
352,562,Costa Rica,2/04/2020,396.0,2.0
353,563,Costa Rica,3/04/2020,416.0,2.0
354,564,Costa Rica,4/04/2020,435.0,2.0
355,565,Costa Rica,5/04/2020,454.0,2.0
356,566,Costa Rica,6/04/2020,467.0,2.0
357,567,Costa Rica,7/04/2020,483.0,2.0
358,568,Costa Rica,8/04/2020,502.0,3.0
359,569,Costa Rica,9/04/2020,539.0,3.0
360,570,Costa Rica,10/04/2020,558.0,3.0
361,571,Costa Rica,11/04/2020,577.0,3.0
362,572,Costa Rica,12/04/2020,595.0,3.0
363,573,Costa Rica,13/04/2020,612.0,3.0
364,574,Costa Rica,14/04/2020,618.0,3.0
365,575,Costa Rica,15/04/2020,626.0,4.0
366,576,Costa Rica,16/04/2020,642.0,4.0
367,577,Costa Rica,17/04/2020,649.0,4.0
368,578,Costa Rica,18/04/2020,655.0,4.0
369,579,Costa Rica,19/04/2020,660.0,5.0
370,580,Costa Rica,20/04/2020,662.0,6.0
371,581,Costa Rica,21/04/2020,669.0,6.0
372,582,Costa Rica,22/04/2020,681.0,6.0
373,583,Costa Rica,23/04/2020,686.0,6.0
374,584,Costa Rica,24/04/2020,687.0,6.0
375,585,Costa Rica,25/04/2020,693.0,6.0
376,586,Costa Rica,26/04/2020,695.0,6.0
377,587,Costa Rica,27/04/2020,697.0,6.0
378,588,Costa Rica,28/04/2020,705.0,6.0
379,624,Cuba,26/02/2020,0.0,0.0
380,625,Cuba,27/02/2020,0.0,0.0
381,626,Cuba,28/02/2020,0.0,0.0
382,627,Cuba,29/02/2020,0.0,0.0
383,628,Cuba,1/03/2020,0.0,0.0
384,629,Cuba,2/03/2020,0.0,0.0
385,630,Cuba,3/03/2020,0.0,0.0
386,631,Cuba,4/03/2020,0.0,0.0
387,632,Cuba,5/03/2020,0.0,0.0
388,633,Cuba,6/03/2020,0.0,0.0
389,634,Cuba,7/03/2020,0.0,0.0
390,635,Cuba,8/03/2020,0.0,0.0
391,636,Cuba,9/03/2020,0.0,0.0
392,637,Cuba,10/03/2020,0.0,0.0
393,638,Cuba,11/03/2020,0.0,0.0
394,639,Cuba,12/03/2020,3.0,0.0
395,640,Cuba,13/03/2020,4.0,0.0
396,641,Cuba,14/03/2020,4.0,0.0
397,642,Cuba,15/03/2020,4.0,0.0
398,643,Cuba,16/03/2020,4.0,0.0
399,644,Cuba,17/03/2020,5.0,0.0
400,645,Cuba,18/03/2020,7.0,1.0
401,646,Cuba,19/03/2020,11.0,1.0
402,647,Cuba,20/03/2020,16.0,1.0
403,648,Cuba,21/03/2020,21.0,1.0
404,649,Cuba,22/03/2020,35.0,1.0
405,650,Cuba,23/03/2020,40.0,1.0
406,651,Cuba,24/03/2020,48.0,1.0
407,652,Cuba,25/03/2020,57.0,1.0
408,653,Cuba,26/03/2020,67.0,2.0
409,654,Cuba,27/03/2020,80.0,2.0
410,655,Cuba,28/03/2020,119.0,3.0
411,656,Cuba,29/03/2020,139.0,3.0
412,657,Cuba,30/03/2020,170.0,4.0
413,658,Cuba,31/03/2020,186.0,6.0
414,659,Cuba,1/04/2020,212.0,6.0
415,660,Cuba,2/04/2020,233.0,6.0
416,661,Cuba,3/04/2020,269.0,6.0
417,662,Cuba,4/04/2020,288.0,6.0
418,663,Cuba,5/04/2020,320.0,8.0
419,664,Cuba,6/04/2020,350.0,9.0
420,665,Cuba,7/04/2020,396.0,11.0
421,666,Cuba,8/04/2020,457.0,12.0
422,667,Cuba,9/04/2020,515.0,15.0
423,668,Cuba,10/04/2020,564.0,15.0
424,669,Cuba,11/04/2020,620.0,16.0
425,670,Cuba,12/04/2020,669.0,18.0
426,671,Cuba,13/04/2020,726.0,21.0
427,672,Cuba,14/04/2020,766.0,21.0
428,673,Cuba,15/04/2020,814.0,24.0
429,674,Cuba,16/04/2020,862.0,27.0
430,675,Cuba,17/04/2020,923.0,31.0
431,676,Cuba,18/04/2020,986.0,32.0
432,677,Cuba,19/04/2020,1035.0,34.0
433,678,Cuba,20/04/2020,1087.0,36.0
434,679,Cuba,21/04/2020,1137.0,38.0
435,680,Cuba,22/04/2020,1189.0,40.0
436,681,Cuba,23/04/2020,1235.0,43.0
437,682,Cuba,24/04/2020,1285.0,49.0
438,683,Cuba,25/04/2020,1337.0,51.0
439,684,Cuba,26/04/2020,1369.0,54.0
440,685,Cuba,27/04/2020,1389.0,56.0
441,686,Cuba,28/04/2020,1437.0,58.0
442,722,Dominican Republic,26/02/2020,0.0,0.0
443,723,Dominican Republic,27/02/2020,0.0,0.0
444,724,Dominican Republic,28/02/2020,0.0,0.0
445,725,Dominican Republic,29/02/2020,0.0,0.0
446,726,Dominican Republic,1/03/2020,1.0,0.0
447,727,Dominican Republic,2/03/2020,1.0,0.0
448,728,Dominican Republic,3/03/2020,1.0,0.0
449,729,Dominican Republic,4/03/2020,1.0,0.0
450,730,Dominican Republic,5/03/2020,1.0,0.0
451,731,Dominican Republic,6/03/2020,2.0,0.0
452,732,Dominican Republic,7/03/2020,2.0,0.0
453,733,Dominican Republic,8/03/2020,5.0,0.0
454,734,Dominican Republic,9/03/2020,5.0,0.0
455,735,Dominican Republic,10/03/2020,5.0,0.0
456,736,Dominican Republic,11/03/2020,5.0,0.0
457,737,Dominican Republic,12/03/2020,5.0,0.0
458,738,Dominican Republic,13/03/2020,5.0,0.0
459,739,Dominican Republic,14/03/2020,11.0,0.0
460,740,Dominican Republic,15/03/2020,11.0,0.0
461,741,Dominican Republic,16/03/2020,11.0,0.0
462,742,Dominican Republic,17/03/2020,21.0,1.0
463,743,Dominican Republic,18/03/2020,21.0,1.0
464,744,Dominican Republic,19/03/2020,34.0,2.0
465,745,Dominican Republic,20/03/2020,72.0,2.0
466,746,Dominican Republic,21/03/2020,112.0,2.0
467,747,Dominican Republic,22/03/2020,202.0,3.0
468,748,Dominican Republic,23/03/2020,245.0,3.0
469,749,Dominican Republic,24/03/2020,312.0,6.0
470,750,Dominican Republic,25/03/2020,392.0,10.0
471,751,Dominican Republic,26/03/2020,488.0,10.0
472,752,Dominican Republic,27/03/2020,581.0,20.0
473,753,Dominican Republic,28/03/2020,719.0,28.0
474,754,Dominican Republic,29/03/2020,859.0,39.0
475,755,Dominican Republic,30/03/2020,901.0,42.0
476,756,Dominican Republic,31/03/2020,1109.0,51.0
477,757,Dominican Republic,1/04/2020,1284.0,57.0
478,758,Dominican Republic,2/04/2020,1380.0,60.0
479,759,Dominican Republic,3/04/2020,1488.0,68.0
480,760,Dominican Republic,4/04/2020,1488.0,68.0
481,761,Dominican Republic,5/04/2020,1745.0,82.0
482,762,Dominican Republic,6/04/2020,1828.0,86.0
483,763,Dominican Republic,7/04/2020,1956.0,98.0
484,764,Dominican Republic,8/04/2020,2111.0,108.0
485,765,Dominican Republic,9/04/2020,2349.0,118.0
486,766,Dominican Republic,10/04/2020,2620.0,126.0
487,767,Dominican Republic,11/04/2020,2759.0,135.0
488,768,Dominican Republic,12/04/2020,2967.0,173.0
489,769,Dominican Republic,13/04/2020,3167.0,177.0
490,770,Dominican Republic,14/04/2020,3286.0,183.0
491,771,Dominican Republic,15/04/2020,3614.0,189.0
492,772,Dominican Republic,16/04/2020,3755.0,196.0
493,773,Dominican Republic,17/04/2020,4126.0,200.0
494,774,Dominican Republic,18/04/2020,4335.0,217.0
495,775,Dominican Republic,19/04/2020,4680.0,226.0
496,776,Dominican Republic,20/04/2020,4964.0,235.0
497,777,Dominican Republic,21/04/2020,5044.0,245.0
498,778,Dominican Republic,22/04/2020,5300.0,260.0
499,779,Dominican Republic,23/04/2020,5543.0,265.0
500,780,Dominican Republic,24/04/2020,5749.0,267.0
501,781,Dominican Republic,25/04/2020,5926.0,273.0
502,782,Dominican Republic,26/04/2020,6135.0,278.0
503,783,Dominican Republic,27/04/2020,6293.0,282.0
504,784,Dominican Republic,28/04/2020,6416.0,286.0
505,820,Ecuador,26/02/2020,0.0,0.0
506,821,Ecuador,27/02/2020,0.0,0.0
507,822,Ecuador,28/02/2020,0.0,0.0
508,823,Ecuador,29/02/2020,0.0,0.0
509,824,Ecuador,1/03/2020,6.0,0.0
510,825,Ecuador,2/03/2020,6.0,0.0
511,826,Ecuador,3/03/2020,7.0,0.0
512,827,Ecuador,4/03/2020,10.0,0.0
513,828,Ecuador,5/03/2020,13.0,0.0
514,829,Ecuador,6/03/2020,13.0,0.0
515,830,Ecuador,7/03/2020,13.0,0.0
516,831,Ecuador,8/03/2020,14.0,0.0
517,832,Ecuador,9/03/2020,15.0,0.0
518,833,Ecuador,10/03/2020,15.0,0.0
519,834,Ecuador,11/03/2020,17.0,0.0
520,835,Ecuador,12/03/2020,17.0,0.0
521,836,Ecuador,13/03/2020,17.0,0.0
522,837,Ecuador,14/03/2020,28.0,2.0
523,838,Ecuador,15/03/2020,28.0,2.0
524,839,Ecuador,16/03/2020,37.0,2.0
525,840,Ecuador,17/03/2020,58.0,2.0
526,841,Ecuador,18/03/2020,111.0,2.0
527,842,Ecuador,19/03/2020,199.0,3.0
528,843,Ecuador,20/03/2020,367.0,5.0
529,844,Ecuador,21/03/2020,506.0,7.0
530,845,Ecuador,22/03/2020,789.0,14.0
531,846,Ecuador,23/03/2020,981.0,18.0
532,847,Ecuador,24/03/2020,1082.0,27.0
533,848,Ecuador,25/03/2020,1173.0,28.0
534,849,Ecuador,26/03/2020,1403.0,34.0
535,850,Ecuador,27/03/2020,1595.0,36.0
536,851,Ecuador,28/03/2020,1823.0,48.0
537,852,Ecuador,29/03/2020,1924.0,58.0
538,853,Ecuador,30/03/2020,1962.0,60.0
539,854,Ecuador,31/03/2020,2240.0,75.0
540,855,Ecuador,1/04/2020,2748.0,93.0
541,856,Ecuador,2/04/2020,3163.0,120.0
542,857,Ecuador,3/04/2020,3368.0,145.0
543,858,Ecuador,4/04/2020,3465.0,172.0
544,859,Ecuador,5/04/2020,3646.0,180.0
545,860,Ecuador,6/04/2020,3747.0,191.0
546,861,Ecuador,7/04/2020,3747.0,191.0
547,862,Ecuador,8/04/2020,4450.0,242.0
548,863,Ecuador,9/04/2020,4965.0,272.0
549,864,Ecuador,10/04/2020,7161.0,297.0
550,865,Ecuador,11/04/2020,7257.0,315.0
551,866,Ecuador,12/04/2020,7466.0,333.0
552,867,Ecuador,13/04/2020,7529.0,355.0
553,868,Ecuador,14/04/2020,7603.0,369.0
554,869,Ecuador,15/04/2020,7858.0,388.0
555,870,Ecuador,16/04/2020,8225.0,403.0
556,871,Ecuador,17/04/2020,8450.0,421.0
557,872,Ecuador,18/04/2020,9022.0,456.0
558,873,Ecuador,19/04/2020,9468.0,474.0
559,874,Ecuador,20/04/2020,10128.0,507.0
560,875,Ecuador,21/04/2020,10398.0,520.0
561,876,Ecuador,22/04/2020,10850.0,537.0
562,877,Ecuador,23/04/2020,11183.0,560.0
563,878,Ecuador,24/04/2020,22719.0,576.0
564,879,Ecuador,25/04/2020,22719.0,576.0
565,880,Ecuador,26/04/2020,22719.0,576.0
566,881,Ecuador,27/04/2020,23240.0,663.0
567,882,Ecuador,28/04/2020,24258.0,871.0
568,918,El Salvador,26/02/2020,0.0,0.0
569,919,El Salvador,27/02/2020,0.0,0.0
570,920,El Salvador,28/02/2020,0.0,0.0
571,921,El Salvador,29/02/2020,0.0,0.0
572,922,El Salvador,1/03/2020,0.0,0.0
573,923,El Salvador,2/03/2020,0.0,0.0
574,924,El Salvador,3/03/2020,0.0,0.0
575,925,El Salvador,4/03/2020,0.0,0.0
576,926,El Salvador,5/03/2020,0.0,0.0
577,927,El Salvador,6/03/2020,0.0,0.0
578,928,El Salvador,7/03/2020,0.0,0.0
579,929,El Salvador,8/03/2020,0.0,0.0
580,930,El Salvador,9/03/2020,0.0,0.0
581,931,El Salvador,10/03/2020,0.0,0.0
582,932,El Salvador,11/03/2020,0.0,0.0
583,933,El Salvador,12/03/2020,0.0,0.0
584,934,El Salvador,13/03/2020,0.0,0.0
585,935,El Salvador,14/03/2020,0.0,0.0
586,936,El Salvador,15/03/2020,0.0,0.0
587,937,El Salvador,16/03/2020,0.0,0.0
588,938,El Salvador,17/03/2020,0.0,0.0
589,939,El Salvador,18/03/2020,0.0,0.0
590,940,El Salvador,19/03/2020,1.0,0.0
591,941,El Salvador,20/03/2020,1.0,0.0
592,942,El Salvador,21/03/2020,3.0,0.0
593,943,El Salvador,22/03/2020,3.0,0.0
594,944,El Salvador,23/03/2020,3.0,0.0
595,945,El Salvador,24/03/2020,5.0,0.0
596,946,El Salvador,25/03/2020,9.0,0.0
597,947,El Salvador,26/03/2020,13.0,0.0
598,948,El Salvador,27/03/2020,13.0,0.0
599,949,El Salvador,28/03/2020,19.0,0.0
600,950,El Salvador,29/03/2020,24.0,0.0
601,951,El Salvador,30/03/2020,30.0,0.0
602,952,El Salvador,31/03/2020,32.0,1.0
603,953,El Salvador,1/04/2020,32.0,1.0
604,954,El Salvador,2/04/2020,41.0,2.0
605,955,El Salvador,3/04/2020,46.0,2.0
606,956,El Salvador,4/04/2020,56.0,3.0
607,957,El Salvador,5/04/2020,62.0,3.0
608,958,El Salvador,6/04/2020,69.0,4.0
609,959,El Salvador,7/04/2020,78.0,4.0
610,960,El Salvador,8/04/2020,93.0,5.0
611,961,El Salvador,9/04/2020,103.0,6.0
612,962,El Salvador,10/04/2020,117.0,6.0
613,963,El Salvador,11/04/2020,118.0,6.0
614,964,El Salvador,12/04/2020,125.0,6.0
615,965,El Salvador,13/04/2020,137.0,6.0
616,966,El Salvador,14/04/2020,149.0,6.0
617,967,El Salvador,15/04/2020,159.0,6.0
618,968,El Salvador,16/04/2020,164.0,6.0
619,969,El Salvador,17/04/2020,177.0,7.0
620,970,El Salvador,18/04/2020,190.0,7.0
621,971,El Salvador,19/04/2020,201.0,7.0
622,972,El Salvador,20/04/2020,218.0,7.0
623,973,El Salvador,21/04/2020,225.0,7.0
624,974,El Salvador,22/04/2020,237.0,7.0
625,975,El Salvador,23/04/2020,250.0,8.0
626,976,El Salvador,24/04/2020,274.0,8.0
627,977,El Salvador,25/04/2020,274.0,8.0
628,978,El Salvador,26/04/2020,298.0,8.0
629,979,El Salvador,27/04/2020,323.0,8.0
630,980,El Salvador,28/04/2020,345.0,8.0
631,1016,Guatemala,26/02/2020,0.0,0.0
632,1017,Guatemala,27/02/2020,0.0,0.0
633,1018,Guatemala,28/02/2020,0.0,0.0
634,1019,Guatemala,29/02/2020,0.0,0.0
635,1020,Guatemala,1/03/2020,0.0,0.0
636,1021,Guatemala,2/03/2020,0.0,0.0
637,1022,Guatemala,3/03/2020,0.0,0.0
638,1023,Guatemala,4/03/2020,0.0,0.0
639,1024,Guatemala,5/03/2020,0.0,0.0
640,1025,Guatemala,6/03/2020,0.0,0.0
641,1026,Guatemala,7/03/2020,0.0,0.0
642,1027,Guatemala,8/03/2020,0.0,0.0
643,1028,Guatemala,9/03/2020,0.0,0.0
644,1029,Guatemala,10/03/2020,0.0,0.0
645,1030,Guatemala,11/03/2020,0.0,0.0
646,1031,Guatemala,12/03/2020,0.0,0.0
647,1032,Guatemala,13/03/2020,0.0,0.0
648,1033,Guatemala,14/03/2020,1.0,0.0
649,1034,Guatemala,15/03/2020,1.0,0.0
650,1035,Guatemala,16/03/2020,2.0,1.0
651,1036,Guatemala,17/03/2020,6.0,1.0
652,1037,Guatemala,18/03/2020,6.0,1.0
653,1038,Guatemala,19/03/2020,9.0,1.0
654,1039,Guatemala,20/03/2020,12.0,1.0
655,1040,Guatemala,21/03/2020,17.0,1.0
656,1041,Guatemala,22/03/2020,19.0,1.0
657,1042,Guatemala,23/03/2020,20.0,1.0
658,1043,Guatemala,24/03/2020,21.0,1.0
659,1044,Guatemala,25/03/2020,24.0,1.0
660,1045,Guatemala,26/03/2020,25.0,1.0
661,1046,Guatemala,27/03/2020,28.0,1.0
662,1047,Guatemala,28/03/2020,34.0,1.0
663,1048,Guatemala,29/03/2020,34.0,1.0
664,1049,Guatemala,30/03/2020,36.0,1.0
665,1050,Guatemala,31/03/2020,38.0,1.0
666,1051,Guatemala,1/04/2020,39.0,1.0
667,1052,Guatemala,2/04/2020,47.0,1.0
668,1053,Guatemala,3/04/2020,50.0,1.0
669,1054,Guatemala,4/04/2020,61.0,2.0
670,1055,Guatemala,5/04/2020,61.0,2.0
671,1056,Guatemala,6/04/2020,70.0,3.0
672,1057,Guatemala,7/04/2020,77.0,3.0
673,1058,Guatemala,8/04/2020,87.0,3.0
674,1059,Guatemala,9/04/2020,95.0,3.0
675,1060,Guatemala,10/04/2020,126.0,3.0
676,1061,Guatemala,11/04/2020,137.0,3.0
677,1062,Guatemala,12/04/2020,155.0,5.0
678,1063,Guatemala,13/04/2020,156.0,5.0
679,1064,Guatemala,14/04/2020,167.0,5.0
680,1065,Guatemala,15/04/2020,180.0,5.0
681,1066,Guatemala,16/04/2020,196.0,5.0
682,1067,Guatemala,17/04/2020,214.0,7.0
683,1068,Guatemala,18/04/2020,235.0,7.0
684,1069,Guatemala,19/04/2020,257.0,7.0
685,1070,Guatemala,20/04/2020,289.0,7.0
686,1071,Guatemala,21/04/2020,294.0,7.0
687,1072,Guatemala,22/04/2020,316.0,8.0
688,1073,Guatemala,23/04/2020,384.0,11.0
689,1074,Guatemala,24/04/2020,430.0,11.0
690,1075,Guatemala,25/04/2020,473.0,13.0
691,1076,Guatemala,26/04/2020,500.0,15.0
692,1077,Guatemala,27/04/2020,530.0,15.0
693,1078,Guatemala,28/04/2020,530.0,15.0
694,1114,Honduras,26/02/2020,0.0,0.0
695,1115,Honduras,27/02/2020,0.0,0.0
696,1116,Honduras,28/02/2020,0.0,0.0
697,1117,Honduras,29/02/2020,0.0,0.0
698,1118,Honduras,1/03/2020,0.0,0.0
699,1119,Honduras,2/03/2020,0.0,0.0
700,1120,Honduras,3/03/2020,0.0,0.0
701,1121,Honduras,4/03/2020,0.0,0.0
702,1122,Honduras,5/03/2020,0.0,0.0
703,1123,Honduras,6/03/2020,0.0,0.0
704,1124,Honduras,7/03/2020,0.0,0.0
705,1125,Honduras,8/03/2020,0.0,0.0
706,1126,Honduras,9/03/2020,0.0,0.0
707,1127,Honduras,10/03/2020,0.0,0.0
708,1128,Honduras,11/03/2020,2.0,0.0
709,1129,Honduras,12/03/2020,2.0,0.0
710,1130,Honduras,13/03/2020,2.0,0.0
711,1131,Honduras,14/03/2020,2.0,0.0
712,1132,Honduras,15/03/2020,3.0,0.0
713,1133,Honduras,16/03/2020,6.0,0.0
714,1134,Honduras,17/03/2020,8.0,0.0
715,1135,Honduras,18/03/2020,9.0,0.0
716,1136,Honduras,19/03/2020,12.0,0.0
717,1137,Honduras,20/03/2020,24.0,0.0
718,1138,Honduras,21/03/2020,24.0,0.0
719,1139,Honduras,22/03/2020,26.0,0.0
720,1140,Honduras,23/03/2020,30.0,0.0
721,1141,Honduras,24/03/2020,30.0,0.0
722,1142,Honduras,25/03/2020,36.0,0.0
723,1143,Honduras,26/03/2020,52.0,1.0
724,1144,Honduras,27/03/2020,68.0,1.0
725,1145,Honduras,28/03/2020,95.0,1.0
726,1146,Honduras,29/03/2020,110.0,3.0
727,1147,Honduras,30/03/2020,139.0,7.0
728,1148,Honduras,31/03/2020,141.0,7.0
729,1149,Honduras,1/04/2020,172.0,10.0
730,1150,Honduras,2/04/2020,219.0,14.0
731,1151,Honduras,3/04/2020,222.0,15.0
732,1152,Honduras,4/04/2020,264.0,15.0
733,1153,Honduras,5/04/2020,268.0,22.0
734,1154,Honduras,6/04/2020,298.0,22.0
735,1155,Honduras,7/04/2020,305.0,22.0
736,1156,Honduras,8/04/2020,312.0,22.0
737,1157,Honduras,9/04/2020,343.0,23.0
738,1158,Honduras,10/04/2020,382.0,23.0
739,1159,Honduras,11/04/2020,392.0,24.0
740,1160,Honduras,12/04/2020,393.0,25.0
741,1161,Honduras,13/04/2020,397.0,25.0
742,1162,Honduras,14/04/2020,407.0,26.0
743,1163,Honduras,15/04/2020,419.0,31.0
744,1164,Honduras,16/04/2020,426.0,35.0
745,1165,Honduras,17/04/2020,442.0,41.0
746,1166,Honduras,18/04/2020,457.0,46.0
747,1167,Honduras,19/04/2020,472.0,46.0
748,1168,Honduras,20/04/2020,477.0,46.0
749,1169,Honduras,21/04/2020,494.0,46.0
750,1170,Honduras,22/04/2020,510.0,46.0
751,1171,Honduras,23/04/2020,519.0,47.0
752,1172,Honduras,24/04/2020,591.0,55.0
753,1173,Honduras,25/04/2020,627.0,59.0
754,1174,Honduras,26/04/2020,627.0,59.0
755,1175,Honduras,27/04/2020,661.0,61.0
756,1176,Honduras,28/04/2020,702.0,64.0
757,1212,Mexico,26/02/2020,0.0,0.0
758,1213,Mexico,27/02/2020,0.0,0.0
759,1214,Mexico,28/02/2020,1.0,0.0
760,1215,Mexico,29/02/2020,4.0,0.0
761,1216,Mexico,1/03/2020,5.0,0.0
762,1217,Mexico,2/03/2020,5.0,0.0
763,1218,Mexico,3/03/2020,5.0,0.0
764,1219,Mexico,4/03/2020,5.0,0.0
765,1220,Mexico,5/03/2020,5.0,0.0
766,1221,Mexico,6/03/2020,6.0,0.0
767,1222,Mexico,7/03/2020,6.0,0.0
768,1223,Mexico,8/03/2020,7.0,0.0
769,1224,Mexico,9/03/2020,7.0,0.0
770,1225,Mexico,10/03/2020,7.0,0.0
771,1226,Mexico,11/03/2020,8.0,0.0
772,1227,Mexico,12/03/2020,12.0,0.0
773,1228,Mexico,13/03/2020,26.0,0.0
774,1229,Mexico,14/03/2020,41.0,0.0
775,1230,Mexico,15/03/2020,53.0,0.0
776,1231,Mexico,16/03/2020,82.0,0.0
777,1232,Mexico,17/03/2020,93.0,0.0
778,1233,Mexico,18/03/2020,118.0,0.0
779,1234,Mexico,19/03/2020,164.0,1.0
780,1235,Mexico,20/03/2020,203.0,2.0
781,1236,Mexico,21/03/2020,251.0,2.0
782,1237,Mexico,22/03/2020,316.0,3.0
783,1238,Mexico,23/03/2020,367.0,4.0
784,1239,Mexico,24/03/2020,405.0,5.0
785,1240,Mexico,25/03/2020,475.0,6.0
786,1241,Mexico,26/03/2020,585.0,8.0
787,1242,Mexico,27/03/2020,717.0,12.0
788,1243,Mexico,28/03/2020,848.0,16.0
789,1244,Mexico,29/03/2020,993.0,20.0
790,1245,Mexico,30/03/2020,1094.0,28.0
791,1246,Mexico,31/03/2020,1215.0,29.0
792,1247,Mexico,1/04/2020,1378.0,37.0
793,1248,Mexico,2/04/2020,1510.0,50.0
794,1249,Mexico,3/04/2020,1688.0,60.0
795,1250,Mexico,4/04/2020,1890.0,79.0
796,1251,Mexico,5/04/2020,2143.0,94.0
797,1252,Mexico,6/04/2020,2439.0,125.0
798,1253,Mexico,7/04/2020,2785.0,141.0
799,1254,Mexico,8/04/2020,3181.0,174.0
800,1255,Mexico,9/04/2020,3441.0,194.0
801,1256,Mexico,10/04/2020,3844.0,233.0
802,1257,Mexico,11/04/2020,4219.0,273.0
803,1258,Mexico,12/04/2020,4661.0,296.0
804,1259,Mexico,13/04/2020,5014.0,332.0
805,1260,Mexico,14/04/2020,5399.0,406.0
806,1261,Mexico,15/04/2020,5847.0,449.0
807,1262,Mexico,16/04/2020,6297.0,486.0
808,1263,Mexico,17/04/2020,6875.0,546.0
809,1264,Mexico,18/04/2020,7497.0,650.0
810,1265,Mexico,19/04/2020,8261.0,686.0
811,1266,Mexico,20/04/2020,8772.0,712.0
812,1267,Mexico,21/04/2020,9501.0,857.0
813,1268,Mexico,22/04/2020,10544.0,970.0
814,1269,Mexico,23/04/2020,11633.0,1069.0
815,1270,Mexico,24/04/2020,12872.0,1221.0
816,1271,Mexico,25/04/2020,13842.0,1305.0
817,1272,Mexico,26/04/2020,14677.0,1351.0
818,1273,Mexico,27/04/2020,15529.0,1434.0
819,1274,Mexico,28/04/2020,16752.0,1569.0
820,1310,Nicaragua,26/02/2020,0.0,0.0
821,1311,Nicaragua,27/02/2020,0.0,0.0
822,1312,Nicaragua,28/02/2020,0.0,0.0
823,1313,Nicaragua,29/02/2020,0.0,0.0
824,1314,Nicaragua,1/03/2020,0.0,0.0
825,1315,Nicaragua,2/03/2020,0.0,0.0
826,1316,Nicaragua,3/03/2020,0.0,0.0
827,1317,Nicaragua,4/03/2020,0.0,0.0
828,1318,Nicaragua,5/03/2020,0.0,0.0
829,1319,Nicaragua,6/03/2020,0.0,0.0
830,1320,Nicaragua,7/03/2020,0.0,0.0
831,1321,Nicaragua,8/03/2020,0.0,0.0
832,1322,Nicaragua,9/03/2020,0.0,0.0
833,1323,Nicaragua,10/03/2020,0.0,0.0
834,1324,Nicaragua,11/03/2020,0.0,0.0
835,1325,Nicaragua,12/03/2020,0.0,0.0
836,1326,Nicaragua,13/03/2020,0.0,0.0
837,1327,Nicaragua,14/03/2020,0.0,0.0
838,1328,Nicaragua,15/03/2020,0.0,0.0
839,1329,Nicaragua,16/03/2020,0.0,0.0
840,1330,Nicaragua,17/03/2020,0.0,0.0
841,1331,Nicaragua,18/03/2020,0.0,0.0
842,1332,Nicaragua,19/03/2020,1.0,0.0
843,1333,Nicaragua,20/03/2020,1.0,0.0
844,1334,Nicaragua,21/03/2020,2.0,0.0
845,1335,Nicaragua,22/03/2020,2.0,0.0
846,1336,Nicaragua,23/03/2020,2.0,0.0
847,1337,Nicaragua,24/03/2020,2.0,0.0
848,1338,Nicaragua,25/03/2020,2.0,0.0
849,1339,Nicaragua,26/03/2020,2.0,0.0
850,1340,Nicaragua,27/03/2020,2.0,1.0
851,1341,Nicaragua,28/03/2020,4.0,1.0
852,1342,Nicaragua,29/03/2020,4.0,1.0
853,1343,Nicaragua,30/03/2020,4.0,1.0
854,1344,Nicaragua,31/03/2020,5.0,1.0
855,1345,Nicaragua,1/04/2020,5.0,1.0
856,1346,Nicaragua,2/04/2020,5.0,1.0
857,1347,Nicaragua,3/04/2020,5.0,1.0
858,1348,Nicaragua,4/04/2020,5.0,1.0
859,1349,Nicaragua,5/04/2020,6.0,1.0
860,1350,Nicaragua,6/04/2020,6.0,1.0
861,1351,Nicaragua,7/04/2020,6.0,1.0
862,1352,Nicaragua,8/04/2020,6.0,1.0
863,1353,Nicaragua,9/04/2020,7.0,1.0
864,1354,Nicaragua,10/04/2020,7.0,1.0
865,1355,Nicaragua,11/04/2020,8.0,1.0
866,1356,Nicaragua,12/04/2020,9.0,1.0
867,1357,Nicaragua,13/04/2020,9.0,1.0
868,1358,Nicaragua,14/04/2020,9.0,1.0
869,1359,Nicaragua,15/04/2020,9.0,1.0
870,1360,Nicaragua,16/04/2020,9.0,1.0
871,1361,Nicaragua,17/04/2020,9.0,1.0
872,1362,Nicaragua,18/04/2020,9.0,2.0
873,1363,Nicaragua,19/04/2020,10.0,2.0
874,1364,Nicaragua,20/04/2020,10.0,2.0
875,1365,Nicaragua,21/04/2020,10.0,2.0
876,1366,Nicaragua,22/04/2020,10.0,2.0
877,1367,Nicaragua,23/04/2020,11.0,3.0
878,1368,Nicaragua,24/04/2020,11.0,3.0
879,1369,Nicaragua,25/04/2020,12.0,3.0
880,1370,Nicaragua,26/04/2020,13.0,3.0
881,1371,Nicaragua,27/04/2020,13.0,3.0
882,1372,Nicaragua,28/04/2020,13.0,3.0
883,1408,Panama,26/02/2020,0.0,0.0
884,1409,Panama,27/02/2020,0.0,0.0
885,1410,Panama,28/02/2020,0.0,0.0
886,1411,Panama,29/02/2020,0.0,0.0
887,1412,Panama,1/03/2020,0.0,0.0
888,1413,Panama,2/03/2020,0.0,0.0
889,1414,Panama,3/03/2020,0.0,0.0
890,1415,Panama,4/03/2020,0.0,0.0
891,1416,Panama,5/03/2020,0.0,0.0
892,1417,Panama,6/03/2020,0.0,0.0
893,1418,Panama,7/03/2020,0.0,0.0
894,1419,Panama,8/03/2020,0.0,0.0
895,1420,Panama,9/03/2020,0.0,0.0
896,1421,Panama,10/03/2020,1.0,0.0
897,1422,Panama,11/03/2020,8.0,1.0
898,1423,Panama,12/03/2020,11.0,1.0
899,1424,Panama,13/03/2020,27.0,1.0
900,1425,Panama,14/03/2020,36.0,1.0
901,1426,Panama,15/03/2020,43.0,1.0
902,1427,Panama,16/03/2020,55.0,1.0
903,1428,Panama,17/03/2020,69.0,1.0
904,1429,Panama,18/03/2020,86.0,1.0
905,1430,Panama,19/03/2020,109.0,1.0
906,1431,Panama,20/03/2020,137.0,1.0
907,1432,Panama,21/03/2020,200.0,1.0
908,1433,Panama,22/03/2020,313.0,3.0
909,1434,Panama,23/03/2020,345.0,6.0
910,1435,Panama,24/03/2020,345.0,6.0
911,1436,Panama,25/03/2020,443.0,8.0
912,1437,Panama,26/03/2020,558.0,8.0
913,1438,Panama,27/03/2020,674.0,9.0
914,1439,Panama,28/03/2020,786.0,14.0
915,1440,Panama,29/03/2020,901.0,17.0
916,1441,Panama,30/03/2020,989.0,24.0
917,1442,Panama,31/03/2020,1181.0,30.0
918,1443,Panama,1/04/2020,1181.0,30.0
919,1444,Panama,2/04/2020,1317.0,32.0
920,1445,Panama,3/04/2020,1475.0,37.0
921,1446,Panama,4/04/2020,1673.0,41.0
922,1447,Panama,5/04/2020,1801.0,46.0
923,1448,Panama,6/04/2020,1988.0,54.0
924,1449,Panama,7/04/2020,2100.0,55.0
925,1450,Panama,8/04/2020,2249.0,59.0
926,1451,Panama,9/04/2020,2528.0,63.0
927,1452,Panama,10/04/2020,2752.0,66.0
928,1453,Panama,11/04/2020,2974.0,74.0
929,1454,Panama,12/04/2020,3234.0,79.0
930,1455,Panama,13/04/2020,3400.0,87.0
931,1456,Panama,14/04/2020,3472.0,94.0
932,1457,Panama,15/04/2020,3574.0,95.0
933,1458,Panama,16/04/2020,3751.0,103.0
934,1459,Panama,17/04/2020,4016.0,109.0
935,1460,Panama,18/04/2020,4210.0,116.0
936,1461,Panama,19/04/2020,4273.0,120.0
937,1462,Panama,20/04/2020,4467.0,126.0
938,1463,Panama,21/04/2020,4658.0,136.0
939,1464,Panama,22/04/2020,4821.0,141.0
940,1465,Panama,23/04/2020,5166.0,146.0
941,1466,Panama,24/04/2020,5338.0,154.0
942,1467,Panama,25/04/2020,5538.0,159.0
943,1468,Panama,26/04/2020,5779.0,165.0
944,1469,Panama,27/04/2020,6021.0,167.0
945,1470,Panama,28/04/2020,6021.0,167.0
946,1506,Paraguay,26/02/2020,0.0,0.0
947,1507,Paraguay,27/02/2020,0.0,0.0
948,1508,Paraguay,28/02/2020,0.0,0.0
949,1509,Paraguay,29/02/2020,0.0,0.0
950,1510,Paraguay,1/03/2020,0.0,0.0
951,1511,Paraguay,2/03/2020,0.0,0.0
952,1512,Paraguay,3/03/2020,0.0,0.0
953,1513,Paraguay,4/03/2020,0.0,0.0
954,1514,Paraguay,5/03/2020,0.0,0.0
955,1515,Paraguay,6/03/2020,0.0,0.0
956,1516,Paraguay,7/03/2020,0.0,0.0
957,1517,Paraguay,8/03/2020,1.0,0.0
958,1518,Paraguay,9/03/2020,1.0,0.0
959,1519,Paraguay,10/03/2020,1.0,0.0
960,1520,Paraguay,11/03/2020,5.0,0.0
961,1521,Paraguay,12/03/2020,5.0,0.0
962,1522,Paraguay,13/03/2020,6.0,0.0
963,1523,Paraguay,14/03/2020,6.0,0.0
964,1524,Paraguay,15/03/2020,6.0,0.0
965,1525,Paraguay,16/03/2020,8.0,0.0
966,1526,Paraguay,17/03/2020,9.0,0.0
967,1527,Paraguay,18/03/2020,11.0,0.0
968,1528,Paraguay,19/03/2020,11.0,0.0
969,1529,Paraguay,20/03/2020,13.0,0.0
970,1530,Paraguay,21/03/2020,18.0,1.0
971,1531,Paraguay,22/03/2020,22.0,1.0
972,1532,Paraguay,23/03/2020,22.0,1.0
973,1533,Paraguay,24/03/2020,27.0,2.0
974,1534,Paraguay,25/03/2020,37.0,3.0
975,1535,Paraguay,26/03/2020,41.0,3.0
976,1536,Paraguay,27/03/2020,52.0,3.0
977,1537,Paraguay,28/03/2020,56.0,3.0
978,1538,Paraguay,29/03/2020,59.0,3.0
979,1539,Paraguay,30/03/2020,64.0,3.0
980,1540,Paraguay,31/03/2020,65.0,3.0
981,1541,Paraguay,1/04/2020,69.0,3.0
982,1542,Paraguay,2/04/2020,77.0,3.0
983,1543,Paraguay,3/04/2020,92.0,3.0
984,1544,Paraguay,4/04/2020,96.0,3.0
985,1545,Paraguay,5/04/2020,104.0,3.0
986,1546,Paraguay,6/04/2020,113.0,5.0
987,1547,Paraguay,7/04/2020,115.0,5.0
988,1548,Paraguay,8/04/2020,119.0,5.0
989,1549,Paraguay,9/04/2020,124.0,5.0
990,1550,Paraguay,10/04/2020,129.0,6.0
991,1551,Paraguay,11/04/2020,133.0,6.0
992,1552,Paraguay,12/04/2020,134.0,6.0
993,1553,Paraguay,13/04/2020,147.0,6.0
994,1554,Paraguay,14/04/2020,159.0,7.0
995,1555,Paraguay,15/04/2020,161.0,8.0
996,1556,Paraguay,16/04/2020,174.0,8.0
997,1557,Paraguay,17/04/2020,199.0,8.0
998,1558,Paraguay,18/04/2020,202.0,8.0
999,1559,Paraguay,19/04/2020,206.0,8.0
1000,1560,Paraguay,20/04/2020,208.0,8.0
1001,1561,Paraguay,21/04/2020,208.0,8.0
1002,1562,Paraguay,22/04/2020,213.0,9.0
1003,1563,Paraguay,23/04/2020,213.0,9.0
1004,1564,Paraguay,24/04/2020,223.0,9.0
1005,1565,Paraguay,25/04/2020,228.0,9.0
1006,1566,Paraguay,26/04/2020,228.0,9.0
1007,1567,Paraguay,27/04/2020,228.0,9.0
1008,1568,Paraguay,28/04/2020,239.0,9.0
1009,1604,Peru,26/02/2020,0.0,0.0
1010,1605,Peru,27/02/2020,0.0,0.0
1011,1606,Peru,28/02/2020,0.0,0.0
1012,1607,Peru,29/02/2020,0.0,0.0
1013,1608,Peru,1/03/2020,0.0,0.0
1014,1609,Peru,2/03/2020,0.0,0.0
1015,1610,Peru,3/03/2020,0.0,0.0
1016,1611,Peru,4/03/2020,0.0,0.0
1017,1612,Peru,5/03/2020,0.0,0.0
1018,1613,Peru,6/03/2020,1.0,0.0
1019,1614,Peru,7/03/2020,1.0,0.0
1020,1615,Peru,8/03/2020,6.0,0.0
1021,1616,Peru,9/03/2020,7.0,0.0
1022,1617,Peru,10/03/2020,11.0,0.0
1023,1618,Peru,11/03/2020,11.0,0.0
1024,1619,Peru,12/03/2020,15.0,0.0
1025,1620,Peru,13/03/2020,28.0,0.0
1026,1621,Peru,14/03/2020,38.0,0.0
1027,1622,Peru,15/03/2020,43.0,0.0
1028,1623,Peru,16/03/2020,86.0,0.0
1029,1624,Peru,17/03/2020,117.0,0.0
1030,1625,Peru,18/03/2020,145.0,0.0
1031,1626,Peru,19/03/2020,234.0,0.0
1032,1627,Peru,20/03/2020,234.0,3.0
1033,1628,Peru,21/03/2020,318.0,5.0
1034,1629,Peru,22/03/2020,363.0,5.0
1035,1630,Peru,23/03/2020,395.0,5.0
1036,1631,Peru,24/03/2020,416.0,7.0
1037,1632,Peru,25/03/2020,480.0,9.0
1038,1633,Peru,26/03/2020,580.0,9.0
1039,1634,Peru,27/03/2020,635.0,11.0
1040,1635,Peru,28/03/2020,671.0,16.0
1041,1636,Peru,29/03/2020,852.0,18.0
1042,1637,Peru,30/03/2020,950.0,24.0
1043,1638,Peru,31/03/2020,1065.0,30.0
1044,1639,Peru,1/04/2020,1323.0,38.0
1045,1640,Peru,2/04/2020,1414.0,55.0
1046,1641,Peru,3/04/2020,1595.0,61.0
1047,1642,Peru,4/04/2020,1746.0,73.0
1048,1643,Peru,5/04/2020,2281.0,83.0
1049,1644,Peru,6/04/2020,2561.0,92.0
1050,1645,Peru,7/04/2020,2954.0,107.0
1051,1646,Peru,8/04/2020,4342.0,121.0
1052,1647,Peru,9/04/2020,5256.0,138.0
1053,1648,Peru,10/04/2020,5897.0,169.0
1054,1649,Peru,11/04/2020,6848.0,181.0
1055,1650,Peru,12/04/2020,7519.0,193.0
1056,1651,Peru,13/04/2020,9784.0,216.0
1057,1652,Peru,14/04/2020,10303.0,230.0
1058,1653,Peru,15/04/2020,11475.0,254.0
1059,1654,Peru,16/04/2020,12491.0,274.0
1060,1655,Peru,17/04/2020,13489.0,300.0
1061,1656,Peru,18/04/2020,14420.0,348.0
1062,1657,Peru,19/04/2020,15628.0,400.0
1063,1658,Peru,20/04/2020,16325.0,445.0
1064,1659,Peru,21/04/2020,17837.0,484.0
1065,1660,Peru,22/04/2020,19250.0,530.0
1066,1661,Peru,23/04/2020,20914.0,572.0
1067,1662,Peru,24/04/2020,21648.0,634.0
1068,1663,Peru,25/04/2020,25331.0,700.0
1069,1664,Peru,26/04/2020,27517.0,728.0
1070,1665,Peru,27/04/2020,28699.0,782.0
1071,1666,Peru,28/04/2020,31190.0,854.0
1072,1702,Uruguay,26/02/2020,0.0,0.0
1073,1703,Uruguay,27/02/2020,0.0,0.0
1074,1704,Uruguay,28/02/2020,0.0,0.0
1075,1705,Uruguay,29/02/2020,0.0,0.0
1076,1706,Uruguay,1/03/2020,0.0,0.0
1077,1707,Uruguay,2/03/2020,0.0,0.0
1078,1708,Uruguay,3/03/2020,0.0,0.0
1079,1709,Uruguay,4/03/2020,0.0,0.0
1080,1710,Uruguay,5/03/2020,0.0,0.0
1081,1711,Uruguay,6/03/2020,0.0,0.0
1082,1712,Uruguay,7/03/2020,0.0,0.0
1083,1713,Uruguay,8/03/2020,0.0,0.0
1084,1714,Uruguay,9/03/2020,0.0,0.0
1085,1715,Uruguay,10/03/2020,0.0,0.0
1086,1716,Uruguay,11/03/2020,0.0,0.0
1087,1717,Uruguay,12/03/2020,0.0,0.0
1088,1718,Uruguay,13/03/2020,0.0,0.0
1089,1719,Uruguay,14/03/2020,4.0,0.0
1090,1720,Uruguay,15/03/2020,4.0,0.0
1091,1721,Uruguay,16/03/2020,8.0,0.0
1092,1722,Uruguay,17/03/2020,29.0,0.0
1093,1723,Uruguay,18/03/2020,50.0,0.0
1094,1724,Uruguay,19/03/2020,79.0,0.0
1095,1725,Uruguay,20/03/2020,94.0,0.0
1096,1726,Uruguay,21/03/2020,110.0,0.0
1097,1727,Uruguay,22/03/2020,158.0,0.0
1098,1728,Uruguay,23/03/2020,162.0,0.0
1099,1729,Uruguay,24/03/2020,162.0,0.0
1100,1730,Uruguay,25/03/2020,189.0,0.0
1101,1731,Uruguay,26/03/2020,217.0,0.0
1102,1732,Uruguay,27/03/2020,238.0,0.0
1103,1733,Uruguay,28/03/2020,274.0,0.0
1104,1734,Uruguay,29/03/2020,304.0,1.0
1105,1735,Uruguay,30/03/2020,310.0,1.0
1106,1736,Uruguay,31/03/2020,338.0,1.0
1107,1737,Uruguay,1/04/2020,338.0,2.0
1108,1738,Uruguay,2/04/2020,350.0,4.0
1109,1739,Uruguay,3/04/2020,369.0,4.0
1110,1740,Uruguay,4/04/2020,400.0,5.0
1111,1741,Uruguay,5/04/2020,400.0,5.0
1112,1742,Uruguay,6/04/2020,406.0,6.0
1113,1743,Uruguay,7/04/2020,424.0,7.0
1114,1744,Uruguay,8/04/2020,424.0,7.0
1115,1745,Uruguay,9/04/2020,456.0,7.0
1116,1746,Uruguay,10/04/2020,473.0,7.0
1117,1747,Uruguay,11/04/2020,494.0,7.0
1118,1748,Uruguay,12/04/2020,480.0,7.0
1119,1749,Uruguay,13/04/2020,480.0,8.0
1120,1750,Uruguay,14/04/2020,483.0,8.0
1121,1751,Uruguay,15/04/2020,492.0,8.0
1122,1752,Uruguay,16/04/2020,502.0,9.0
1123,1753,Uruguay,17/04/2020,502.0,9.0
1124,1754,Uruguay,18/04/2020,508.0,9.0
1125,1755,Uruguay,19/04/2020,517.0,10.0
1126,1756,Uruguay,20/04/2020,535.0,10.0
1127,1757,Uruguay,21/04/2020,535.0,11.0
1128,1758,Uruguay,22/04/2020,543.0,12.0
1129,1759,Uruguay,23/04/2020,557.0,12.0
1130,1760,Uruguay,24/04/2020,563.0,12.0
1131,1761,Uruguay,25/04/2020,596.0,14.0
1132,1762,Uruguay,26/04/2020,606.0,15.0
1133,1763,Uruguay,27/04/2020,620.0,15.0
1134,1764,Uruguay,28/04/2020,625.0,15.0
1135,1800,Venezuela,26/02/2020,0.0,0.0
1136,1801,Venezuela,27/02/2020,0.0,0.0
1137,1802,Venezuela,28/02/2020,0.0,0.0
1138,1803,Venezuela,29/02/2020,0.0,0.0
1139,1804,Venezuela,1/03/2020,0.0,0.0
1140,1805,Venezuela,2/03/2020,0.0,0.0
1141,1806,Venezuela,3/03/2020,0.0,0.0
1142,1807,Venezuela,4/03/2020,0.0,0.0
1143,1808,Venezuela,5/03/2020,0.0,0.0
1144,1809,Venezuela,6/03/2020,0.0,0.0
1145,1810,Venezuela,7/03/2020,0.0,0.0
1146,1811,Venezuela,8/03/2020,0.0,0.0
1147,1812,Venezuela,9/03/2020,0.0,0.0
1148,1813,Venezuela,10/03/2020,0.0,0.0
1149,1814,Venezuela,11/03/2020,0.0,0.0
1150,1815,Venezuela,12/03/2020,0.0,0.0
1151,1816,Venezuela,13/03/2020,0.0,0.0
1152,1817,Venezuela,14/03/2020,2.0,0.0
1153,1818,Venezuela,15/03/2020,10.0,0.0
1154,1819,Venezuela,16/03/2020,17.0,0.0
1155,1820,Venezuela,17/03/2020,33.0,0.0
1156,1821,Venezuela,18/03/2020,36.0,0.0
1157,1822,Venezuela,19/03/2020,42.0,0.0
1158,1823,Venezuela,20/03/2020,42.0,0.0
1159,1824,Venezuela,21/03/2020,70.0,0.0
1160,1825,Venezuela,22/03/2020,70.0,0.0
1161,1826,Venezuela,23/03/2020,77.0,0.0
1162,1827,Venezuela,24/03/2020,84.0,0.0
1163,1828,Venezuela,25/03/2020,91.0,0.0
1164,1829,Venezuela,26/03/2020,107.0,0.0
1165,1830,Venezuela,27/03/2020,107.0,1.0
1166,1831,Venezuela,28/03/2020,119.0,2.0
1167,1832,Venezuela,29/03/2020,119.0,2.0
1168,1833,Venezuela,30/03/2020,135.0,3.0
1169,1834,Venezuela,31/03/2020,135.0,3.0
1170,1835,Venezuela,1/04/2020,143.0,3.0
1171,1836,Venezuela,2/04/2020,146.0,5.0
1172,1837,Venezuela,3/04/2020,153.0,7.0
1173,1838,Venezuela,4/04/2020,155.0,7.0
1174,1839,Venezuela,5/04/2020,159.0,7.0
1175,1840,Venezuela,6/04/2020,165.0,7.0
1176,1841,Venezuela,7/04/2020,165.0,7.0
1177,1842,Venezuela,8/04/2020,167.0,9.0
1178,1843,Venezuela,9/04/2020,171.0,9.0
1179,1844,Venezuela,10/04/2020,171.0,9.0
1180,1845,Venezuela,11/04/2020,175.0,9.0
1181,1846,Venezuela,12/04/2020,181.0,9.0
1182,1847,Venezuela,13/04/2020,189.0,9.0
1183,1848,Venezuela,14/04/2020,189.0,9.0
1184,1849,Venezuela,15/04/2020,197.0,9.0
1185,1850,Venezuela,16/04/2020,204.0,9.0
1186,1851,Venezuela,17/04/2020,204.0,9.0
1187,1852,Venezuela,18/04/2020,227.0,9.0
1188,1853,Venezuela,19/04/2020,256.0,9.0
1189,1854,Venezuela,20/04/2020,256.0,9.0
1190,1855,Venezuela,21/04/2020,285.0,10.0
1191,1856,Venezuela,22/04/2020,288.0,10.0
1192,1857,Venezuela,23/04/2020,311.0,10.0
1193,1858,Venezuela,24/04/2020,318.0,10.0
1194,1859,Venezuela,25/04/2020,323.0,10.0
1195,1860,Venezuela,26/04/2020,325.0,10.0
1196,1861,Venezuela,27/04/2020,329.0,10.0
1197,1862,Venezuela,28/04/2020,329.0,10.0
