id,target
1,1200
2,1200
3,1200
4,1200
5,1200
6,1200
7,1200
8,1200
9,1200
10,1200
11,1200
12,1200
13,1200
14,1200
15,1200
16,1200
17,1200
18,1200
19,1200
20,1200
21,1200
22,1200
23,1200
24,1200
25,1200
26,1200
27,1200
28,1200
29,1200
30,1200
31,1200
32,1200
33,1200
34,1200
35,1200
36,1200
37,1200
38,1200
39,1200
40,1200
41,1200
42,1200
43,1200
44,1200
45,1200
46,1200
47,1200
48,1200
49,1200
50,1200
51,1200
52,1200
53,1200
54,1200
55,1200
56,1200
57,1200
58,1200
59,1200
60,1200
61,1200
62,1200
63,1200
64,1200
65,1200
66,1200
67,1200
68,1200
69,1200
70,1200
71,1200
72,1200
73,1200
74,1200
75,1200
76,1200
77,1200
78,1200
79,1200
80,1200
81,1200
82,1200
83,1200
84,1200
85,1200
86,1200
87,1200
88,1200
89,1200
90,1200
91,1200
92,1200
93,1200
94,1200
95,1200
96,1200
97,1200
98,1200
99,1200
100,1200
101,1200
102,1200
103,1200
104,1200
105,1200
106,1200
107,1200
108,1200
109,1200
110,1200
111,1200
112,1200
113,1200
114,1200
115,1200
116,1200
117,1200
118,1200
119,1200
120,1200
121,1200
122,1200
123,1200
124,1200
125,1200
126,1200
127,1200
128,1200
129,1200
130,1200
131,1200
132,1200
133,1200
134,1200
135,1200
136,1200
137,1200
138,1200
139,1200
140,1200
141,1200
142,1200
143,1200
144,1200
145,1200
146,1200
147,1200
148,1200
149,1200
150,1200
151,1200
152,1200
153,1200
154,1200
155,1200
156,1200
157,1200
158,1200
159,1200
160,1200
161,1200
162,1200
163,1200
164,1200
165,1200
166,1200
167,1200
168,1200
169,1200
170,1200
171,1200
172,1200
173,1200
174,1200
175,1200
176,1200
177,1200
178,1200
179,1200
180,1200
181,1200
182,1200
183,1200
184,1200
185,1200
186,1200
187,1200
188,1200
189,1200
190,1200
191,1200
192,1200
193,1200
194,1200
195,1200
196,1200
197,1200
198,1200
199,1200
200,1200
201,1200
202,1200
203,1200
204,1200
205,1200
206,1200
207,1200
208,1200
209,1200
210,1200
211,1200
212,1200
213,1200
214,1200
215,1200
216,1200
217,1200
218,1200
219,1200
220,1200
221,1200
222,1200
223,1200
224,1200
225,1200
226,1200
227,1200
228,1200
229,1200
230,1200
231,1200
232,1200
233,1200
234,1200
235,1200
236,1200
237,1200
238,1200
239,1200
240,1200
241,1200
242,1200
243,1200
244,1200
245,1200
246,1200
247,1200
248,1200
249,1200
250,1200
251,1200
252,1200
253,1200
254,1200
255,1200
256,1200
257,1200
258,1200
259,1200
260,1200
261,1200
262,1200
263,1200
264,1200
265,1200
266,1200
267,1200
268,1200
269,1200
270,1200
271,1200
272,1200
273,1200
274,1200
275,1200
276,1200
277,1200
278,1200
279,1200
280,1200
281,1200
282,1200
283,1200
284,1200
285,1200
286,1200
287,1200
288,1200
289,1200
290,1200
291,1200
292,1200
293,1200
294,1200
295,1200
296,1200
297,1200
298,1200
299,1200
300,1200
301,1200
302,1200
303,1200
304,1200
305,1200
306,1200
307,1200
308,1200
309,1200
310,1200
311,1200
312,1200
313,1200
314,1200
315,1200
316,1200
317,1200
318,1200
319,1200
320,1200
321,1200
322,1200
323,1200
324,1200
325,1200
326,1200
327,1200
328,1200
329,1200
330,1200
331,1200
332,1200
333,1200
334,1200
335,1200
336,1200
337,1200
338,1200
339,1200
340,1200
341,1200
342,1200
343,1200
344,1200
345,1200
346,1200
347,1200
348,1200
349,1200
350,1200
351,1200
352,1200
353,1200
354,1200
355,1200
356,1200
357,1200
358,1200
359,1200
360,1200
361,1200
362,1200
363,1200
364,1200
365,1200
366,1200
367,1200
368,1200
369,1200
370,1200
371,1200
372,1200
373,1200
374,1200
375,1200
376,1200
377,1200
378,1200
379,1200
380,1200
381,1200
382,1200
383,1200
384,1200
385,1200
386,1200
387,1200
388,1200
389,1200
390,1200
391,1200
392,1200
393,1200
394,1200
395,1200
396,1200
397,1200
398,1200
399,1200
400,1200
401,1200
402,1200
403,1200
404,1200
405,1200
406,1200
407,1200
408,1200
409,1200
410,1200
411,1200
412,1200
413,1200
414,1200
415,1200
416,1200
417,1200
418,1200
419,1200
420,1200
421,1200
422,1200
423,1200
424,1200
425,1200
426,1200
427,1200
428,1200
429,1200
430,1200
431,1200
432,1200
433,1200
434,1200
435,1200
436,1200
437,1200
438,1200
439,1200
440,1200
441,1200
442,1200
443,1200
444,1200
445,1200
446,1200
447,1200
448,1200
449,1200
450,1200
451,1200
452,1200
453,1200
454,1200
455,1200
456,1200
457,1200
458,1200
459,1200
460,1200
461,1200
462,1200
463,1200
464,1200
465,1200
466,1200
467,1200
468,1200
469,1200
470,1200
471,1200
472,1200
473,1200
474,1200
475,1200
476,1200
477,1200
478,1200
479,1200
480,1200
481,1200
482,1200
483,1200
484,1200
485,1200
486,1200
487,1200
488,1200
489,1200
490,1200
491,1200
492,1200
493,1200
494,1200
495,1200
496,1200
497,1200
498,1200
499,1200
500,1200
501,1200
502,1200
503,1200
504,1200
505,1200
506,1200
507,1200
508,1200
509,1200
510,1200
511,1200
512,1200
513,1200
514,1200
515,1200
516,1200
517,1200
518,1200
519,1200
520,1200
521,1200
522,1200
523,1200
524,1200
525,1200
526,1200
527,1200
528,1200
529,1200
530,1200
531,1200
532,1200
533,1200
534,1200
535,1200
536,1200
537,1200
538,1200
539,1200
540,1200
541,1200
542,1200
543,1200
544,1200
545,1200
546,1200
547,1200
548,1200
549,1200
550,1200
551,1200
552,1200
553,1200
554,1200
555,1200
556,1200
557,1200
558,1200
559,1200
560,1200
561,1200
562,1200
563,1200
564,1200
565,1200
566,1200
567,1200
568,1200
569,1200
570,1200
571,1200
572,1200
573,1200
574,1200
575,1200
576,1200
577,1200
578,1200
579,1200
580,1200
581,1200
582,1200
583,1200
584,1200
585,1200
586,1200
587,1200
588,1200
589,1200
590,1200
591,1200
592,1200
593,1200
594,1200
595,1200
596,1200
597,1200
598,1200
599,1200
600,1200
601,1200
602,1200
603,1200
604,1200
605,1200
606,1200
607,1200
608,1200
609,1200
610,1200
611,1200
612,1200
613,1200
614,1200
615,1200
616,1200
617,1200
618,1200
619,1200
620,1200
621,1200
622,1200
623,1200
624,1200
625,1200
626,1200
627,1200
628,1200
629,1200
630,1200
631,1200
632,1200
633,1200
634,1200
635,1200
636,1200
637,1200
638,1200
639,1200
640,1200
641,1200
642,1200
643,1200
644,1200
645,1200
646,1200
647,1200
648,1200
649,1200
650,1200
651,1200
652,1200
653,1200
654,1200
655,1200
656,1200
657,1200
658,1200
659,1200
660,1200
661,1200
662,1200
663,1200
664,1200
665,1200
666,1200
667,1200
668,1200
669,1200
670,1200
671,1200
672,1200
673,1200
674,1200
675,1200
676,1200
677,1200
678,1200
679,1200
680,1200
681,1200
682,1200
683,1200
684,1200
685,1200
686,1200
687,1200
688,1200
689,1200
690,1200
691,1200
692,1200
693,1200
694,1200
695,1200
696,1200
697,1200
698,1200
699,1200
700,1200
701,1200
702,1200
703,1200
704,1200
705,1200
706,1200
707,1200
708,1200
709,1200
710,1200
711,1200
712,1200
713,1200
714,1200
715,1200
716,1200
717,1200
718,1200
719,1200
720,1200
721,1200
722,1200
723,1200
724,1200
725,1200
726,1200
727,1200
728,1200
729,1200
730,1200
731,1200
732,1200
733,1200
734,1200
735,1200
736,1200
737,1200
738,1200
739,1200
740,1200
741,1200
742,1200
743,1200
744,1200
745,1200
746,1200
747,1200
748,1200
749,1200
750,1200
751,1200
752,1200
753,1200
754,1200
755,1200
756,1200
757,1200
758,1200
759,1200
760,1200
761,1200
762,1200
763,1200
764,1200
765,1200
766,1200
767,1200
768,1200
769,1200
770,1200
771,1200
772,1200
773,1200
774,1200
775,1200
776,1200
777,1200
778,1200
779,1200
780,1200
781,1200
782,1200
783,1200
784,1200
785,1200
786,1200
787,1200
788,1200
789,1200
790,1200
791,1200
792,1200
793,1200
794,1200
795,1200
796,1200
797,1200
798,1200
799,1200
800,1200
801,1200
802,1200
803,1200
804,1200
805,1200
806,1200
807,1200
808,1200
809,1200
810,1200
811,1200
812,1200
813,1200
814,1200
815,1200
816,1200
817,1200
818,1200
819,1200
820,1200
821,1200
822,1200
823,1200
824,1200
825,1200
826,1200
827,1200
828,1200
829,1200
830,1200
831,1200
832,1200
833,1200
834,1200
835,1200
836,1200
837,1200
838,1200
839,1200
840,1200
841,1200
842,1200
843,1200
844,1200
845,1200
846,1200
847,1200
848,1200
849,1200
850,1200
851,1200
852,1200
853,1200
854,1200
855,1200
856,1200
857,1200
858,1200
859,1200
860,1200
861,1200
862,1200
863,1200
864,1200
865,1200
866,1200
867,1200
868,1200
869,1200
870,1200
871,1200
872,1200
873,1200
874,1200
875,1200
876,1200
877,1200
878,1200
879,1200
880,1200
881,1200
882,1200
883,1200
884,1200
885,1200
886,1200
887,1200
888,1200
889,1200
890,1200
891,1200
892,1200
893,1200
894,1200
895,1200
896,1200
897,1200
898,1200
899,1200
900,1200
901,1200
902,1200
903,1200
904,1200
905,1200
906,1200
907,1200
908,1200
909,1200
910,1200
911,1200
912,1200
913,1200
914,1200
915,1200
916,1200
917,1200
918,1200
919,1200
920,1200
921,1200
922,1200
923,1200
924,1200
925,1200
926,1200
927,1200
928,1200
929,1200
930,1200
931,1200
932,1200
933,1200
934,1200
935,1200
936,1200
937,1200
938,1200
939,1200
940,1200
941,1200
942,1200
943,1200
944,1200
945,1200
946,1200
947,1200
948,1200
949,1200
950,1200
951,1200
952,1200
953,1200
954,1200
955,1200
956,1200
957,1200
958,1200
959,1200
960,1200
961,1200
962,1200
963,1200
964,1200
965,1200
966,1200
967,1200
968,1200
969,1200
970,1200
971,1200
972,1200
973,1200
974,1200
975,1200
976,1200
977,1200
978,1200
979,1200
980,1200
981,1200
982,1200
983,1200
984,1200
985,1200
986,1200
987,1200
988,1200
989,1200
990,1200
991,1200
992,1200
993,1200
994,1200
995,1200
996,1200
997,1200
998,1200
999,1200
1000,1200
1001,1200
1002,1200
1003,1200
1004,1200
1005,1200
1006,1200
1007,1200
1008,1200
1009,1200
1010,1200
1011,1200
1012,1200
1013,1200
1014,1200
1015,1200
1016,1200
1017,1200
1018,1200
1019,1200
1020,1200
1021,1200
1022,1200
1023,1200
1024,1200
1025,1200
1026,1200
1027,1200
1028,1200
1029,1200
1030,1200
1031,1200
1032,1200
1033,1200
1034,1200
1035,1200
1036,1200
1037,1200
1038,1200
1039,1200
1040,1200
1041,1200
1042,1200
1043,1200
1044,1200
1045,1200
1046,1200
1047,1200
1048,1200
1049,1200
1050,1200
1051,1200
1052,1200
1053,1200
1054,1200
1055,1200
1056,1200
1057,1200
1058,1200
1059,1200
1060,1200
1061,1200
1062,1200
1063,1200
1064,1200
1065,1200
1066,1200
1067,1200
1068,1200
1069,1200
1070,1200
1071,1200
1072,1200
1073,1200
1074,1200
1075,1200
1076,1200
1077,1200
1078,1200
1079,1200
1080,1200
1081,1200
1082,1200
1083,1200
1084,1200
1085,1200
1086,1200
1087,1200
1088,1200
1089,1200
1090,1200
1091,1200
1092,1200
1093,1200
1094,1200
1095,1200
1096,1200
1097,1200
1098,1200
1099,1200
1100,1200
1101,1200
1102,1200
1103,1200
1104,1200
1105,1200
1106,1200
1107,1200
1108,1200
1109,1200
1110,1200
1111,1200
1112,1200
1113,1200
1114,1200
1115,1200
1116,1200
1117,1200
1118,1200
1119,1200
1120,1200
1121,1200
1122,1200
1123,1200
1124,1200
1125,1200
1126,1200
1127,1200
1128,1200
1129,1200
1130,1200
1131,1200
1132,1200
1133,1200
1134,1200
1135,1200
1136,1200
1137,1200
1138,1200
1139,1200
1140,1200
1141,1200
1142,1200
1143,1200
1144,1200
1145,1200
1146,1200
1147,1200
1148,1200
1149,1200
1150,1200
1151,1200
1152,1200
1153,1200
1154,1200
1155,1200
1156,1200
1157,1200
1158,1200
1159,1200
1160,1200
1161,1200
1162,1200
1163,1200
1164,1200
1165,1200
1166,1200
1167,1200
1168,1200
1169,1200
1170,1200
1171,1200
1172,1200
1173,1200
1174,1200
1175,1200
1176,1200
1177,1200
1178,1200
1179,1200
1180,1200
1181,1200
1182,1200
1183,1200
1184,1200
1185,1200
1186,1200
1187,1200
1188,1200
1189,1200
1190,1200
1191,1200
1192,1200
1193,1200
1194,1200
1195,1200
1196,1200
1197,1200
1198,1200
1199,1200
1200,1200
1201,1200
1202,1200
1203,1200
1204,1200
1205,1200
1206,1200
1207,1200
1208,1200
1209,1200
1210,1200
1211,1200
1212,1200
1213,1200
1214,1200
1215,1200
1216,1200
1217,1200
1218,1200
1219,1200
1220,1200
1221,1200
1222,1200
1223,1200
1224,1200
1225,1200
1226,1200
1227,1200
1228,1200
1229,1200
1230,1200
1231,1200
1232,1200
1233,1200
1234,1200
1235,1200
1236,1200
1237,1200
1238,1200
1239,1200
1240,1200
1241,1200
1242,1200
1243,1200
1244,1200
1245,1200
1246,1200
1247,1200
1248,1200
1249,1200
1250,1200
1251,1200
1252,1200
1253,1200
1254,1200
1255,1200
1256,1200
1257,1200
1258,1200
1259,1200
1260,1200
1261,1200
1262,1200
1263,1200
1264,1200
1265,1200
1266,1200
1267,1200
1268,1200
1269,1200
1270,1200
1271,1200
1272,1200
1273,1200
1274,1200
1275,1200
1276,1200
1277,1200
1278,1200
1279,1200
1280,1200
1281,1200
1282,1200
1283,1200
1284,1200
1285,1200
1286,1200
1287,1200
1288,1200
1289,1200
1290,1200
1291,1200
1292,1200
1293,1200
1294,1200
1295,1200
1296,1200
1297,1200
1298,1200
1299,1200
1300,1200
1301,1200
1302,1200
1303,1200
1304,1200
1305,1200
1306,1200
1307,1200
1308,1200
1309,1200
1310,1200
1311,1200
1312,1200
1313,1200
1314,1200
1315,1200
1316,1200
1317,1200
1318,1200
1319,1200
1320,1200
1321,1200
1322,1200
1323,1200
1324,1200
1325,1200
1326,1200
1327,1200
1328,1200
1329,1200
1330,1200
1331,1200
1332,1200
1333,1200
1334,1200
1335,1200
1336,1200
1337,1200
1338,1200
1339,1200
1340,1200
1341,1200
1342,1200
1343,1200
1344,1200
1345,1200
1346,1200
1347,1200
1348,1200
1349,1200
1350,1200
1351,1200
1352,1200
1353,1200
1354,1200
1355,1200
1356,1200
1357,1200
1358,1200
1359,1200
1360,1200
1361,1200
1362,1200
1363,1200
1364,1200
1365,1200
1366,1200
1367,1200
1368,1200
1369,1200
1370,1200
1371,1200
1372,1200
1373,1200
1374,1200
1375,1200
1376,1200
1377,1200
1378,1200
1379,1200
1380,1200
1381,1200
1382,1200
1383,1200
1384,1200
1385,1200
1386,1200
1387,1200
1388,1200
1389,1200
1390,1200
1391,1200
1392,1200
1393,1200
1394,1200
1395,1200
1396,1200
1397,1200
1398,1200
1399,1200
1400,1200
1401,1200
1402,1200
1403,1200
1404,1200
1405,1200
1406,1200
1407,1200
1408,1200
1409,1200
1410,1200
1411,1200
1412,1200
1413,1200
1414,1200
1415,1200
1416,1200
1417,1200
1418,1200
1419,1200
1420,1200
1421,1200
1422,1200
1423,1200
1424,1200
1425,1200
1426,1200
1427,1200
1428,1200
1429,1200
1430,1200
1431,1200
1432,1200
1433,1200
1434,1200
1435,1200
1436,1200
1437,1200
1438,1200
1439,1200
1440,1200
1441,1200
1442,1200
1443,1200
1444,1200
1445,1200
1446,1200
1447,1200
1448,1200
1449,1200
1450,1200
1451,1200
1452,1200
1453,1200
1454,1200
1455,1200
1456,1200
1457,1200
1458,1200
1459,1200
1460,1200
1461,1200
1462,1200
1463,1200
1464,1200
1465,1200
1466,1200
1467,1200
1468,1200
1469,1200
1470,1200
1471,1200
1472,1200
1473,1200
1474,1200
1475,1200
1476,1200
1477,1200
1478,1200
1479,1200
1480,1200
1481,1200
1482,1200
1483,1200
1484,1200
1485,1200
1486,1200
1487,1200
1488,1200
1489,1200
1490,1200
1491,1200
1492,1200
1493,1200
1494,1200
1495,1200
1496,1200
1497,1200
1498,1200
1499,1200
1500,1200
1501,1200
1502,1200
1503,1200
1504,1200
1505,1200
1506,1200
1507,1200
1508,1200
1509,1200
1510,1200
1511,1200
1512,1200
1513,1200
1514,1200
1515,1200
1516,1200
1517,1200
1518,1200
1519,1200
1520,1200
1521,1200
1522,1200
1523,1200
1524,1200
1525,1200
1526,1200
1527,1200
1528,1200
1529,1200
1530,1200
1531,1200
1532,1200
1533,1200
1534,1200
1535,1200
1536,1200
1537,1200
1538,1200
1539,1200
1540,1200
1541,1200
1542,1200
1543,1200
1544,1200
1545,1200
1546,1200
1547,1200
1548,1200
1549,1200
1550,1200
1551,1200
1552,1200
1553,1200
1554,1200
1555,1200
1556,1200
1557,1200
1558,1200
1559,1200
1560,1200
1561,1200
1562,1200
1563,1200
1564,1200
1565,1200
1566,1200
1567,1200
1568,1200
1569,1200
1570,1200
1571,1200
1572,1200
1573,1200
1574,1200
1575,1200
1576,1200
1577,1200
1578,1200
1579,1200
1580,1200
1581,1200
1582,1200
1583,1200
1584,1200
1585,1200
1586,1200
1587,1200
1588,1200
1589,1200
1590,1200
1591,1200
1592,1200
1593,1200
1594,1200
1595,1200
1596,1200
1597,1200
1598,1200
1599,1200
1600,1200
1601,1200
1602,1200
1603,1200
1604,1200
1605,1200
1606,1200
1607,1200
1608,1200
1609,1200
1610,1200
1611,1200
1612,1200
1613,1200
1614,1200
1615,1200
1616,1200
1617,1200
1618,1200
1619,1200
1620,1200
1621,1200
1622,1200
1623,1200
1624,1200
1625,1200
1626,1200
1627,1200
1628,1200
1629,1200
1630,1200
1631,1200
1632,1200
1633,1200
1634,1200
1635,1200
1636,1200
1637,1200
1638,1200
1639,1200
1640,1200
1641,1200
1642,1200
1643,1200
1644,1200
1645,1200
1646,1200
1647,1200
1648,1200
1649,1200
1650,1200
1651,1200
1652,1200
1653,1200
1654,1200
1655,1200
1656,1200
1657,1200
1658,1200
1659,1200
1660,1200
1661,1200
1662,1200
1663,1200
1664,1200
1665,1200
1666,1200
1667,1200
1668,1200
1669,1200
1670,1200
1671,1200
1672,1200
1673,1200
1674,1200
1675,1200
1676,1200
1677,1200
1678,1200
1679,1200
1680,1200
1681,1200
1682,1200
1683,1200
1684,1200
1685,1200
1686,1200
1687,1200
1688,1200
1689,1200
1690,1200
1691,1200
1692,1200
1693,1200
1694,1200
1695,1200
1696,1200
1697,1200
1698,1200
1699,1200
1700,1200
1701,1200
1702,1200
1703,1200
1704,1200
1705,1200
1706,1200
1707,1200
1708,1200
1709,1200
1710,1200
1711,1200
1712,1200
1713,1200
1714,1200
1715,1200
1716,1200
1717,1200
1718,1200
1719,1200
1720,1200
1721,1200
1722,1200
1723,1200
1724,1200
1725,1200
1726,1200
1727,1200
1728,1200
1729,1200
1730,1200
1731,1200
1732,1200
1733,1200
1734,1200
1735,1200
1736,1200
1737,1200
1738,1200
1739,1200
1740,1200
1741,1200
1742,1200
1743,1200
1744,1200
1745,1200
1746,1200
1747,1200
1748,1200
1749,1200
1750,1200
1751,1200
1752,1200
1753,1200
1754,1200
1755,1200
1756,1200
1757,1200
1758,1200
1759,1200
1760,1200
1761,1200
1762,1200
1763,1200
1764,1200
1765,1200
1766,1200
1767,1200
1768,1200
1769,1200
1770,1200
1771,1200
1772,1200
1773,1200
1774,1200
1775,1200
1776,1200
1777,1200
1778,1200
1779,1200
1780,1200
1781,1200
1782,1200
1783,1200
1784,1200
1785,1200
1786,1200
1787,1200
1788,1200
1789,1200
1790,1200
1791,1200
1792,1200
1793,1200
1794,1200
1795,1200
1796,1200
1797,1200
1798,1200
1799,1200
1800,1200
1801,1200
1802,1200
1803,1200
1804,1200
1805,1200
1806,1200
1807,1200
1808,1200
1809,1200
1810,1200
1811,1200
1812,1200
1813,1200
1814,1200
1815,1200
1816,1200
1817,1200
1818,1200
1819,1200
1820,1200
1821,1200
1822,1200
1823,1200
1824,1200
1825,1200
1826,1200
1827,1200
1828,1200
1829,1200
1830,1200
1831,1200
1832,1200
1833,1200
1834,1200
1835,1200
1836,1200
1837,1200
1838,1200
1839,1200
1840,1200
1841,1200
1842,1200
1843,1200
1844,1200
1845,1200
1846,1200
1847,1200
1848,1200
1849,1200
1850,1200
1851,1200
1852,1200
1853,1200
1854,1200
1855,1200
1856,1200
1857,1200
1858,1200
1859,1200
1860,1200
1861,1200
1862,1200
1863,1200
1864,1200
1865,1200
1866,1200
1867,1200
1868,1200
1869,1200
1870,1200
1871,1200
1872,1200
1873,1200
1874,1200
1875,1200
1876,1200
1877,1200
1878,1200
1879,1200
1880,1200
1881,1200
1882,1200
1883,1200
1884,1200
1885,1200
1886,1200
1887,1200
1888,1200
1889,1200
1890,1200
1891,1200
1892,1200
1893,1200
1894,1200
1895,1200
1896,1200
1897,1200
1898,1200
1899,1200
1900,1200
1901,1200
1902,1200
1903,1200
1904,1200
1905,1200
1906,1200
1907,1200
1908,1200
1909,1200
1910,1200
1911,1200
1912,1200
1913,1200
1914,1200
1915,1200
1916,1200
1917,1200
1918,1200
1919,1200
1920,1200
1921,1200
1922,1200
1923,1200
1924,1200
1925,1200
1926,1200
1927,1200
1928,1200
1929,1200
1930,1200
1931,1200
1932,1200
1933,1200
1934,1200
1935,1200
1936,1200
1937,1200
1938,1200
1939,1200
1940,1200
1941,1200
1942,1200
1943,1200
1944,1200
1945,1200
1946,1200
1947,1200
1948,1200
1949,1200
1950,1200
1951,1200
1952,1200
1953,1200
1954,1200
1955,1200
1956,1200
1957,1200
1958,1200
1959,1200
1960,1200
1961,1200
1962,1200
1963,1200
1964,1200
1965,1200
1966,1200
1967,1200
1968,1200
1969,1200
1970,1200
1971,1200
1972,1200
1973,1200
1974,1200
1975,1200
1976,1200
1977,1200
1978,1200
1979,1200
1980,1200
1981,1200
1982,1200
1983,1200
1984,1200
1985,1200
1986,1200
1987,1200
1988,1200
1989,1200
1990,1200
1991,1200
1992,1200
1993,1200
1994,1200
1995,1200
1996,1200
1997,1200
1998,1200
1999,1200
2000,1200
2001,1200
2002,1200
2003,1200
2004,1200
2005,1200
2006,1200
2007,1200
2008,1200
2009,1200
2010,1200
2011,1200
2012,1200
2013,1200
2014,1200
2015,1200
2016,1200
2017,1200
2018,1200
2019,1200
2020,1200
2021,1200
2022,1200
2023,1200
2024,1200
2025,1200
2026,1200
2027,1200
2028,1200
2029,1200
2030,1200
2031,1200
2032,1200
2033,1200
2034,1200
2035,1200
2036,1200
2037,1200
2038,1200
2039,1200
2040,1200
2041,1200
2042,1200
2043,1200
2044,1200
2045,1200
2046,1200
2047,1200
2048,1200
2049,1200
2050,1200
2051,1200
2052,1200
2053,1200
2054,1200
2055,1200
2056,1200
2057,1200
2058,1200
2059,1200
2060,1200
2061,1200
2062,1200
2063,1200
2064,1200
2065,1200
2066,1200
2067,1200
2068,1200
2069,1200
2070,1200
2071,1200
2072,1200
2073,1200
2074,1200
2075,1200
2076,1200
2077,1200
2078,1200
2079,1200
2080,1200
2081,1200
2082,1200
2083,1200
2084,1200
2085,1200
2086,1200
2087,1200
2088,1200
2089,1200
2090,1200
2091,1200
2092,1200
2093,1200
2094,1200
2095,1200
2096,1200
2097,1200
2098,1200
2099,1200
2100,1200
2101,1200
2102,1200
2103,1200
2104,1200
2105,1200
2106,1200
2107,1200
2108,1200
2109,1200
2110,1200
2111,1200
2112,1200
2113,1200
2114,1200
2115,1200
2116,1200
2117,1200
2118,1200
2119,1200
2120,1200
2121,1200
2122,1200
2123,1200
2124,1200
2125,1200
2126,1200
2127,1200
2128,1200
2129,1200
2130,1200
2131,1200
2132,1200
2133,1200
2134,1200
2135,1200
2136,1200
2137,1200
2138,1200
2139,1200
2140,1200
2141,1200
2142,1200
2143,1200
2144,1200
2145,1200
2146,1200
2147,1200
2148,1200
2149,1200
2150,1200
2151,1200
2152,1200
2153,1200
2154,1200
2155,1200
2156,1200
2157,1200
2158,1200
2159,1200
2160,1200
2161,1200
2162,1200
2163,1200
2164,1200
2165,1200
2166,1200
2167,1200
2168,1200
2169,1200
2170,1200
2171,1200
2172,1200
2173,1200
2174,1200
2175,1200
2176,1200
2177,1200
2178,1200
2179,1200
2180,1200
2181,1200
2182,1200
2183,1200
2184,1200
2185,1200
2186,1200
2187,1200
2188,1200
2189,1200
2190,1200
2191,1200
2192,1200
2193,1200
2194,1200
2195,1200
2196,1200
2197,1200
2198,1200
2199,1200
2200,1200
2201,1200
2202,1200
2203,1200
2204,1200
2205,1200
2206,1200
2207,1200
2208,1200
2209,1200
2210,1200
2211,1200
2212,1200
2213,1200
2214,1200
2215,1200
2216,1200
2217,1200
2218,1200
2219,1200
2220,1200
2221,1200
2222,1200
2223,1200
2224,1200
2225,1200
2226,1200
2227,1200
2228,1200
2229,1200
2230,1200
2231,1200
2232,1200
2233,1200
2234,1200
2235,1200
2236,1200
2237,1200
2238,1200
2239,1200
2240,1200
2241,1200
2242,1200
2243,1200
2244,1200
2245,1200
2246,1200
2247,1200
2248,1200
2249,1200
2250,1200
2251,1200
2252,1200
2253,1200
2254,1200
2255,1200
2256,1200
2257,1200
2258,1200
2259,1200
2260,1200
2261,1200
2262,1200
2263,1200
2264,1200
2265,1200
2266,1200
2267,1200
2268,1200
2269,1200
2270,1200
2271,1200
2272,1200
2273,1200
2274,1200
2275,1200
2276,1200
2277,1200
2278,1200
2279,1200
2280,1200
2281,1200
2282,1200
2283,1200
2284,1200
2285,1200
2286,1200
2287,1200
2288,1200
2289,1200
2290,1200
2291,1200
2292,1200
2293,1200
2294,1200
2295,1200
2296,1200
2297,1200
2298,1200
2299,1200
2300,1200
2301,1200
2302,1200
2303,1200
2304,1200
2305,1200
2306,1200
2307,1200
2308,1200
2309,1200
2310,1200
2311,1200
2312,1200
2313,1200
2314,1200
2315,1200
2316,1200
2317,1200
2318,1200
2319,1200
2320,1200
2321,1200
2322,1200
2323,1200
2324,1200
2325,1200
2326,1200
2327,1200
2328,1200
2329,1200
2330,1200
2331,1200
2332,1200
2333,1200
2334,1200
2335,1200
2336,1200
2337,1200
2338,1200
2339,1200
2340,1200
2341,1200
2342,1200
2343,1200
2344,1200
2345,1200
2346,1200
2347,1200
2348,1200
2349,1200
2350,1200
2351,1200
2352,1200
2353,1200
2354,1200
2355,1200
2356,1200
2357,1200
2358,1200
2359,1200
2360,1200
2361,1200
2362,1200
2363,1200
2364,1200
2365,1200
2366,1200
2367,1200
2368,1200
2369,1200
2370,1200
2371,1200
2372,1200
2373,1200
2374,1200
2375,1200
2376,1200
2377,1200
2378,1200
2379,1200
2380,1200
2381,1200
2382,1200
2383,1200
2384,1200
2385,1200
2386,1200
2387,1200
2388,1200
2389,1200
2390,1200
2391,1200
2392,1200
2393,1200
2394,1200
2395,1200
2396,1200
2397,1200
2398,1200
2399,1200
2400,1200
2401,1200
2402,1200
2403,1200
2404,1200
2405,1200
2406,1200
2407,1200
2408,1200
2409,1200
2410,1200
2411,1200
2412,1200
2413,1200
2414,1200
2415,1200
2416,1200
2417,1200
2418,1200
2419,1200
2420,1200
2421,1200
2422,1200
2423,1200
2424,1200
2425,1200
2426,1200
2427,1200
2428,1200
2429,1200
2430,1200
2431,1200
2432,1200
2433,1200
2434,1200
2435,1200
2436,1200
2437,1200
2438,1200
2439,1200
2440,1200
2441,1200
2442,1200
2443,1200
2444,1200
2445,1200
2446,1200
2447,1200
2448,1200
2449,1200
2450,1200
2451,1200
2452,1200
2453,1200
2454,1200
2455,1200
2456,1200
2457,1200
2458,1200
2459,1200
2460,1200
2461,1200
2462,1200
2463,1200
2464,1200
2465,1200
2466,1200
2467,1200
2468,1200
2469,1200
2470,1200
2471,1200
2472,1200
2473,1200
2474,1200
2475,1200
2476,1200
2477,1200
2478,1200
2479,1200
2480,1200
2481,1200
2482,1200
2483,1200
2484,1200
2485,1200
2486,1200
2487,1200
2488,1200
2489,1200
2490,1200
2491,1200
2492,1200
2493,1200
2494,1200
2495,1200
2496,1200
2497,1200
2498,1200
2499,1200
2500,1200
2501,1200
2502,1200
2503,1200
2504,1200
2505,1200
2506,1200
2507,1200
2508,1200
2509,1200
2510,1200
2511,1200
2512,1200
2513,1200
2514,1200
2515,1200
2516,1200
2517,1200
2518,1200
2519,1200
2520,1200
2521,1200
2522,1200
2523,1200
2524,1200
2525,1200
2526,1200
2527,1200
2528,1200
2529,1200
2530,1200
2531,1200
2532,1200
2533,1200
2534,1200
2535,1200
2536,1200
2537,1200
2538,1200
2539,1200
2540,1200
2541,1200
2542,1200
2543,1200
2544,1200
2545,1200
2546,1200
2547,1200
2548,1200
2549,1200
2550,1200
2551,1200
2552,1200
2553,1200
2554,1200
2555,1200
2556,1200
2557,1200
2558,1200
2559,1200
2560,1200
2561,1200
2562,1200
2563,1200
2564,1200
2565,1200
2566,1200
2567,1200
2568,1200
2569,1200
2570,1200
2571,1200
2572,1200
2573,1200
2574,1200
2575,1200
2576,1200
2577,1200
2578,1200
2579,1200
2580,1200
2581,1200
2582,1200
2583,1200
2584,1200
2585,1200
2586,1200
2587,1200
2588,1200
2589,1200
2590,1200
2591,1200
2592,1200
2593,1200
2594,1200
2595,1200
2596,1200
2597,1200
2598,1200
2599,1200
2600,1200
2601,1200
2602,1200
2603,1200
2604,1200
2605,1200
2606,1200
2607,1200
2608,1200
2609,1200
2610,1200
2611,1200
2612,1200
2613,1200
2614,1200
2615,1200
2616,1200
2617,1200
2618,1200
2619,1200
2620,1200
2621,1200
2622,1200
2623,1200
2624,1200
2625,1200
2626,1200
2627,1200
2628,1200
2629,1200
2630,1200
2631,1200
2632,1200
2633,1200
2634,1200
2635,1200
2636,1200
2637,1200
2638,1200
2639,1200
2640,1200
2641,1200
2642,1200
2643,1200
2644,1200
2645,1200
2646,1200
2647,1200
2648,1200
2649,1200
2650,1200
2651,1200
2652,1200
2653,1200
2654,1200
2655,1200
2656,1200
2657,1200
2658,1200
2659,1200
2660,1200
2661,1200
2662,1200
2663,1200
2664,1200
2665,1200
2666,1200
2667,1200
2668,1200
2669,1200
2670,1200
2671,1200
2672,1200
2673,1200
2674,1200
2675,1200
2676,1200
2677,1200
2678,1200
2679,1200
2680,1200
2681,1200
2682,1200
2683,1200
2684,1200
2685,1200
2686,1200
2687,1200
2688,1200
2689,1200
2690,1200
2691,1200
2692,1200
2693,1200
2694,1200
2695,1200
2696,1200
2697,1200
2698,1200
2699,1200
2700,1200
2701,1200
2702,1200
2703,1200
2704,1200
2705,1200
2706,1200
2707,1200
2708,1200
2709,1200
2710,1200
2711,1200
2712,1200
2713,1200
2714,1200
2715,1200
2716,1200
2717,1200
2718,1200
2719,1200
2720,1200
2721,1200
2722,1200
2723,1200
2724,1200
2725,1200
2726,1200
2727,1200
2728,1200
2729,1200
2730,1200
2731,1200
2732,1200
2733,1200
2734,1200
2735,1200
2736,1200
2737,1200
2738,1200
2739,1200
2740,1200
2741,1200
2742,1200
2743,1200
2744,1200
2745,1200
2746,1200
2747,1200
2748,1200
2749,1200
2750,1200
2751,1200
2752,1200
2753,1200
2754,1200
2755,1200
2756,1200
2757,1200
2758,1200
2759,1200
2760,1200
2761,1200
2762,1200
2763,1200
2764,1200
2765,1200
2766,1200
2767,1200
2768,1200
2769,1200
2770,1200
2771,1200
2772,1200
2773,1200
2774,1200
2775,1200
2776,1200
2777,1200
2778,1200
2779,1200
2780,1200
2781,1200
2782,1200
2783,1200
2784,1200
2785,1200
2786,1200
2787,1200
2788,1200
2789,1200
2790,1200
2791,1200
2792,1200
2793,1200
2794,1200
2795,1200
2796,1200
2797,1200
2798,1200
2799,1200
2800,1200
2801,1200
2802,1200
2803,1200
2804,1200
2805,1200
2806,1200
2807,1200
2808,1200
2809,1200
2810,1200
2811,1200
2812,1200
2813,1200
2814,1200
2815,1200
2816,1200
2817,1200
2818,1200
2819,1200
2820,1200
2821,1200
2822,1200
2823,1200
2824,1200
2825,1200
2826,1200
2827,1200
2828,1200
2829,1200
2830,1200
2831,1200
2832,1200
2833,1200
2834,1200
2835,1200
2836,1200
2837,1200
2838,1200
2839,1200
2840,1200
2841,1200
2842,1200
2843,1200
2844,1200
2845,1200
2846,1200
2847,1200
2848,1200
2849,1200
2850,1200
2851,1200
2852,1200
2853,1200
2854,1200
2855,1200
2856,1200
2857,1200
2858,1200
2859,1200
2860,1200
2861,1200
2862,1200
2863,1200
2864,1200
2865,1200
2866,1200
2867,1200
2868,1200
2869,1200
2870,1200
2871,1200
2872,1200
2873,1200
2874,1200
2875,1200
2876,1200
2877,1200
2878,1200
2879,1200
2880,1200
2881,1200
2882,1200
2883,1200
2884,1200
2885,1200
2886,1200
2887,1200
2888,1200
2889,1200
2890,1200
2891,1200
2892,1200
2893,1200
2894,1200
2895,1200
2896,1200
2897,1200
2898,1200
2899,1200
2900,1200
2901,1200
2902,1200
2903,1200
2904,1200
2905,1200
2906,1200
2907,1200
2908,1200
2909,1200
2910,1200
2911,1200
2912,1200
2913,1200
2914,1200
2915,1200
2916,1200
2917,1200
2918,1200
2919,1200
2920,1200
2921,1200
2922,1200
2923,1200
2924,1200
2925,1200
2926,1200
2927,1200
2928,1200
2929,1200
2930,1200
2931,1200
2932,1200
2933,1200
2934,1200
2935,1200
2936,1200
2937,1200
2938,1200
2939,1200
2940,1200
2941,1200
2942,1200
2943,1200
2944,1200
2945,1200
2946,1200
2947,1200
2948,1200
2949,1200
2950,1200
2951,1200
2952,1200
2953,1200
2954,1200
2955,1200
2956,1200
2957,1200
2958,1200
2959,1200
2960,1200
2961,1200
2962,1200
2963,1200
2964,1200
2965,1200
2966,1200
2967,1200
2968,1200
2969,1200
2970,1200
2971,1200
2972,1200
2973,1200
2974,1200
2975,1200
2976,1200
2977,1200
2978,1200
2979,1200
2980,1200
2981,1200
2982,1200
2983,1200
2984,1200
2985,1200
2986,1200
2987,1200
2988,1200
2989,1200
2990,1200
2991,1200
2992,1200
2993,1200
2994,1200
2995,1200
2996,1200
2997,1200
2998,1200
2999,1200
3000,1200
3001,1200
3002,1200
3003,1200
3004,1200
3005,1200
3006,1200
3007,1200
3008,1200
3009,1200
3010,1200
3011,1200
3012,1200
3013,1200
3014,1200
3015,1200
3016,1200
3017,1200
3018,1200
3019,1200
3020,1200
3021,1200
3022,1200
3023,1200
3024,1200
3025,1200
3026,1200
3027,1200
3028,1200
3029,1200
3030,1200
3031,1200
3032,1200
3033,1200
3034,1200
3035,1200
3036,1200
3037,1200
3038,1200
3039,1200
3040,1200
3041,1200
3042,1200
3043,1200
3044,1200
3045,1200
3046,1200
3047,1200
3048,1200
3049,1200
3050,1200
3051,1200
3052,1200
3053,1200
3054,1200
3055,1200
3056,1200
3057,1200
3058,1200
3059,1200
3060,1200
3061,1200
3062,1200
3063,1200
3064,1200
3065,1200
3066,1200
3067,1200
3068,1200
3069,1200
3070,1200
3071,1200
3072,1200
3073,1200
3074,1200
3075,1200
3076,1200
3077,1200
3078,1200
3079,1200
3080,1200
3081,1200
3082,1200
3083,1200
3084,1200
3085,1200
3086,1200
3087,1200
3088,1200
3089,1200
3090,1200
3091,1200
3092,1200
3093,1200
3094,1200
3095,1200
3096,1200
3097,1200
3098,1200
3099,1200
3100,1200
3101,1200
3102,1200
3103,1200
3104,1200
3105,1200
3106,1200
3107,1200
3108,1200
3109,1200
3110,1200
3111,1200
3112,1200
3113,1200
3114,1200
3115,1200
3116,1200
3117,1200
3118,1200
3119,1200
3120,1200
3121,1200
3122,1200
3123,1200
3124,1200
3125,1200
3126,1200
3127,1200
3128,1200
3129,1200
3130,1200
3131,1200
3132,1200
3133,1200
3134,1200
3135,1200
3136,1200
3137,1200
3138,1200
3139,1200
3140,1200
3141,1200
3142,1200
3143,1200
3144,1200
3145,1200
3146,1200
3147,1200
3148,1200
3149,1200
3150,1200
3151,1200
3152,1200
3153,1200
3154,1200
3155,1200
3156,1200
3157,1200
3158,1200
3159,1200
3160,1200
3161,1200
3162,1200
3163,1200
3164,1200
3165,1200
3166,1200
3167,1200
3168,1200
3169,1200
3170,1200
3171,1200
3172,1200
3173,1200
3174,1200
3175,1200
3176,1200
3177,1200
3178,1200
3179,1200
3180,1200
3181,1200
3182,1200
3183,1200
3184,1200
3185,1200
3186,1200
3187,1200
3188,1200
3189,1200
3190,1200
3191,1200
3192,1200
3193,1200
3194,1200
3195,1200
3196,1200
3197,1200
3198,1200
3199,1200
3200,1200
3201,1200
3202,1200
3203,1200
3204,1200
3205,1200
3206,1200
3207,1200
3208,1200
3209,1200
3210,1200
3211,1200
3212,1200
3213,1200
3214,1200
3215,1200
3216,1200
3217,1200
3218,1200
3219,1200
3220,1200
3221,1200
3222,1200
3223,1200
3224,1200
3225,1200
3226,1200
3227,1200
3228,1200
3229,1200
3230,1200
3231,1200
3232,1200
3233,1200
3234,1200
3235,1200
3236,1200
3237,1200
3238,1200
3239,1200
3240,1200
3241,1200
3242,1200
3243,1200
3244,1200
3245,1200
3246,1200
3247,1200
3248,1200
3249,1200
3250,1200
3251,1200
3252,1200
3253,1200
3254,1200
3255,1200
3256,1200
3257,1200
3258,1200
3259,1200
3260,1200
3261,1200
3262,1200
3263,1200
3264,1200
3265,1200
3266,1200
3267,1200
3268,1200
3269,1200
3270,1200
3271,1200
3272,1200
3273,1200
3274,1200
3275,1200
3276,1200
3277,1200
3278,1200
3279,1200
3280,1200
3281,1200
3282,1200
3283,1200
3284,1200
3285,1200
3286,1200
3287,1200
3288,1200
3289,1200
3290,1200
3291,1200
3292,1200
3293,1200
3294,1200
3295,1200
3296,1200
3297,1200
3298,1200
3299,1200
3300,1200
3301,1200
3302,1200
3303,1200
3304,1200
3305,1200
3306,1200
3307,1200
3308,1200
3309,1200
3310,1200
3311,1200
3312,1200
3313,1200
3314,1200
3315,1200
3316,1200
3317,1200
3318,1200
3319,1200
3320,1200
3321,1200
3322,1200
3323,1200
3324,1200
3325,1200
3326,1200
3327,1200
3328,1200
3329,1200
3330,1200
3331,1200
3332,1200
3333,1200
3334,1200
3335,1200
3336,1200
3337,1200
3338,1200
3339,1200
3340,1200
3341,1200
3342,1200
3343,1200
3344,1200
3345,1200
3346,1200
3347,1200
3348,1200
3349,1200
3350,1200
3351,1200
3352,1200
3353,1200
3354,1200
3355,1200
3356,1200
3357,1200
3358,1200
3359,1200
3360,1200
3361,1200
3362,1200
3363,1200
3364,1200
3365,1200
3366,1200
3367,1200
3368,1200
3369,1200
3370,1200
3371,1200
3372,1200
3373,1200
3374,1200
3375,1200
3376,1200
3377,1200
3378,1200
3379,1200
3380,1200
3381,1200
3382,1200
3383,1200
3384,1200
3385,1200
3386,1200
3387,1200
3388,1200
3389,1200
3390,1200
3391,1200
3392,1200
3393,1200
3394,1200
3395,1200
3396,1200
3397,1200
3398,1200
3399,1200
3400,1200
3401,1200
3402,1200
3403,1200
3404,1200
3405,1200
3406,1200
3407,1200
3408,1200
3409,1200
3410,1200
3411,1200
3412,1200
3413,1200
3414,1200
3415,1200
3416,1200
3417,1200
3418,1200
3419,1200
3420,1200
3421,1200
3422,1200
3423,1200
3424,1200
3425,1200
3426,1200
3427,1200
3428,1200
3429,1200
3430,1200
3431,1200
3432,1200
3433,1200
3434,1200
3435,1200
3436,1200
3437,1200
3438,1200
3439,1200
3440,1200
3441,1200
3442,1200
3443,1200
3444,1200
3445,1200
3446,1200
3447,1200
3448,1200
3449,1200
3450,1200
3451,1200
3452,1200
3453,1200
3454,1200
3455,1200
3456,1200
3457,1200
3458,1200
3459,1200
3460,1200
3461,1200
3462,1200
3463,1200
3464,1200
3465,1200
3466,1200
3467,1200
3468,1200
3469,1200
3470,1200
3471,1200
3472,1200
3473,1200
3474,1200
3475,1200
3476,1200
3477,1200
3478,1200
3479,1200
3480,1200
3481,1200
3482,1200
3483,1200
3484,1200
3485,1200
3486,1200
3487,1200
3488,1200
3489,1200
3490,1200
3491,1200
3492,1200
3493,1200
3494,1200
3495,1200
3496,1200
3497,1200
3498,1200
3499,1200
3500,1200
3501,1200
3502,1200
3503,1200
3504,1200
3505,1200
3506,1200
3507,1200
3508,1200
3509,1200
3510,1200
3511,1200
3512,1200
3513,1200
3514,1200
3515,1200
3516,1200
3517,1200
3518,1200
3519,1200
3520,1200
3521,1200
3522,1200
3523,1200
3524,1200
3525,1200
3526,1200
3527,1200
3528,1200
3529,1200
3530,1200
3531,1200
3532,1200
3533,1200
3534,1200
3535,1200
3536,1200
3537,1200
3538,1200
3539,1200
3540,1200
3541,1200
3542,1200
3543,1200
3544,1200
3545,1200
3546,1200
3547,1200
3548,1200
3549,1200
3550,1200
3551,1200
3552,1200
3553,1200
3554,1200
3555,1200
3556,1200
3557,1200
3558,1200
3559,1200
3560,1200
3561,1200
3562,1200
3563,1200
3564,1200
3565,1200
3566,1200
3567,1200
3568,1200
3569,1200
3570,1200
3571,1200
3572,1200
3573,1200
3574,1200
3575,1200
3576,1200
3577,1200
3578,1200
3579,1200
3580,1200
3581,1200
3582,1200
3583,1200
3584,1200
3585,1200
3586,1200
3587,1200
3588,1200
3589,1200
3590,1200
3591,1200
3592,1200
3593,1200
3594,1200
3595,1200
3596,1200
3597,1200
3598,1200
3599,1200
3600,1200
3601,1200
3602,1200
3603,1200
3604,1200
3605,1200
3606,1200
3607,1200
3608,1200
3609,1200
3610,1200
3611,1200
3612,1200
3613,1200
3614,1200
3615,1200
3616,1200
3617,1200
3618,1200
3619,1200
3620,1200
3621,1200
3622,1200
3623,1200
3624,1200
3625,1200
3626,1200
3627,1200
3628,1200
3629,1200
3630,1200
3631,1200
3632,1200
3633,1200
3634,1200
3635,1200
3636,1200
3637,1200
3638,1200
3639,1200
3640,1200
3641,1200
3642,1200
3643,1200
3644,1200
3645,1200
3646,1200
3647,1200
3648,1200
3649,1200
3650,1200
3651,1200
3652,1200
3653,1200
3654,1200
3655,1200
3656,1200
3657,1200
3658,1200
3659,1200
3660,1200
3661,1200
3662,1200
3663,1200
3664,1200
3665,1200
3666,1200
3667,1200
3668,1200
3669,1200
3670,1200
3671,1200
3672,1200
3673,1200
3674,1200
3675,1200
3676,1200
3677,1200
3678,1200
3679,1200
3680,1200
3681,1200
3682,1200
3683,1200
3684,1200
3685,1200
3686,1200
3687,1200
3688,1200
3689,1200
3690,1200
3691,1200
3692,1200
3693,1200
3694,1200
3695,1200
3696,1200
3697,1200
3698,1200
3699,1200
3700,1200
3701,1200
3702,1200
3703,1200
3704,1200
3705,1200
3706,1200
3707,1200
3708,1200
3709,1200
3710,1200
3711,1200
3712,1200
3713,1200
3714,1200
3715,1200
3716,1200
3717,1200
3718,1200
3719,1200
3720,1200
3721,1200
3722,1200
3723,1200
3724,1200
3725,1200
3726,1200
3727,1200
3728,1200
3729,1200
3730,1200
3731,1200
3732,1200
3733,1200
3734,1200
3735,1200
3736,1200
3737,1200
3738,1200
3739,1200
3740,1200
3741,1200
3742,1200
3743,1200
3744,1200
3745,1200
3746,1200
3747,1200
3748,1200
3749,1200
3750,1200
3751,1200
3752,1200
3753,1200
3754,1200
3755,1200
3756,1200
3757,1200
3758,1200
3759,1200
3760,1200
3761,1200
3762,1200
3763,1200
3764,1200
3765,1200
3766,1200
3767,1200
3768,1200
3769,1200
3770,1200
3771,1200
3772,1200
3773,1200
3774,1200
3775,1200
3776,1200
3777,1200
3778,1200
3779,1200
3780,1200
3781,1200
3782,1200
3783,1200
3784,1200
3785,1200
3786,1200
3787,1200
3788,1200
3789,1200
3790,1200
3791,1200
3792,1200
3793,1200
3794,1200
3795,1200
3796,1200
3797,1200
3798,1200
3799,1200
3800,1200
3801,1200
3802,1200
3803,1200
3804,1200
3805,1200
3806,1200
3807,1200
3808,1200
3809,1200
3810,1200
3811,1200
3812,1200
3813,1200
3814,1200
3815,1200
3816,1200
3817,1200
3818,1200
3819,1200
3820,1200
3821,1200
3822,1200
3823,1200
3824,1200
3825,1200
3826,1200
3827,1200
3828,1200
3829,1200
3830,1200
3831,1200
3832,1200
3833,1200
3834,1200
3835,1200
3836,1200
3837,1200
3838,1200
3839,1200
3840,1200
3841,1200
3842,1200
3843,1200
3844,1200
3845,1200
3846,1200
3847,1200
3848,1200
3849,1200
3850,1200
3851,1200
3852,1200
3853,1200
3854,1200
3855,1200
3856,1200
3857,1200
3858,1200
3859,1200
3860,1200
3861,1200
3862,1200
3863,1200
3864,1200
3865,1200
3866,1200
3867,1200
3868,1200
3869,1200
3870,1200
3871,1200
3872,1200
3873,1200
3874,1200
3875,1200
3876,1200
3877,1200
3878,1200
3879,1200
3880,1200
3881,1200
3882,1200
3883,1200
3884,1200
3885,1200
3886,1200
3887,1200
3888,1200
3889,1200
3890,1200
3891,1200
3892,1200
3893,1200
3894,1200
3895,1200
3896,1200
3897,1200
3898,1200
3899,1200
3900,1200
3901,1200
3902,1200
3903,1200
3904,1200
3905,1200
3906,1200
3907,1200
3908,1200
3909,1200
3910,1200
3911,1200
3912,1200
3913,1200
3914,1200
3915,1200
3916,1200
3917,1200
3918,1200
3919,1200
3920,1200
3921,1200
3922,1200
3923,1200
3924,1200
3925,1200
3926,1200
3927,1200
3928,1200
3929,1200
3930,1200
3931,1200
3932,1200
3933,1200
3934,1200
3935,1200
3936,1200
3937,1200
3938,1200
3939,1200
3940,1200
3941,1200
3942,1200
3943,1200
3944,1200
3945,1200
3946,1200
3947,1200
3948,1200
3949,1200
3950,1200
3951,1200
3952,1200
3953,1200
3954,1200
3955,1200
3956,1200
3957,1200
3958,1200
3959,1200
3960,1200
3961,1200
3962,1200
3963,1200
3964,1200
3965,1200
3966,1200
3967,1200
3968,1200
3969,1200
3970,1200
3971,1200
3972,1200
3973,1200
3974,1200
3975,1200
3976,1200
3977,1200
3978,1200
3979,1200
3980,1200
3981,1200
3982,1200
3983,1200
3984,1200
3985,1200
3986,1200
3987,1200
3988,1200
3989,1200
3990,1200
3991,1200
3992,1200
3993,1200
3994,1200
3995,1200
3996,1200
3997,1200
3998,1200
3999,1200
4000,1200
4001,1200
4002,1200
4003,1200
4004,1200
4005,1200
4006,1200
4007,1200
4008,1200
4009,1200
4010,1200
4011,1200
4012,1200
4013,1200
4014,1200
4015,1200
4016,1200
4017,1200
4018,1200
4019,1200
4020,1200
4021,1200
4022,1200
4023,1200
4024,1200
4025,1200
4026,1200
4027,1200
4028,1200
4029,1200
4030,1200
4031,1200
4032,1200
4033,1200
4034,1200
4035,1200
4036,1200
4037,1200
4038,1200
4039,1200
4040,1200
4041,1200
4042,1200
4043,1200
4044,1200
4045,1200
4046,1200
4047,1200
4048,1200
4049,1200
4050,1200
4051,1200
4052,1200
4053,1200
4054,1200
4055,1200
4056,1200
4057,1200
4058,1200
4059,1200
4060,1200
4061,1200
4062,1200
4063,1200
4064,1200
4065,1200
4066,1200
4067,1200
4068,1200
4069,1200
4070,1200
4071,1200
4072,1200
4073,1200
4074,1200
4075,1200
4076,1200
4077,1200
4078,1200
4079,1200
4080,1200
4081,1200
4082,1200
4083,1200
4084,1200
4085,1200
4086,1200
4087,1200
4088,1200
4089,1200
4090,1200
4091,1200
4092,1200
4093,1200
4094,1200
4095,1200
4096,1200
4097,1200
4098,1200
4099,1200
4100,1200
4101,1200
4102,1200
4103,1200
4104,1200
4105,1200
4106,1200
4107,1200
4108,1200
4109,1200
4110,1200
4111,1200
4112,1200
4113,1200
4114,1200
4115,1200
4116,1200
4117,1200
4118,1200
4119,1200
4120,1200
4121,1200
4122,1200
4123,1200
4124,1200
4125,1200
4126,1200
4127,1200
4128,1200
4129,1200
4130,1200
4131,1200
4132,1200
4133,1200
4134,1200
4135,1200
4136,1200
4137,1200
4138,1200
4139,1200
4140,1200
4141,1200
4142,1200
4143,1200
4144,1200
4145,1200
4146,1200
4147,1200
4148,1200
4149,1200
4150,1200
4151,1200
4152,1200
4153,1200
4154,1200
4155,1200
4156,1200
4157,1200
4158,1200
4159,1200
4160,1200
4161,1200
4162,1200
4163,1200
4164,1200
4165,1200
4166,1200
4167,1200
4168,1200
4169,1200
4170,1200
4171,1200
4172,1200
4173,1200
4174,1200
4175,1200
4176,1200
4177,1200
4178,1200
4179,1200
4180,1200
4181,1200
4182,1200
4183,1200
4184,1200
4185,1200
4186,1200
4187,1200
4188,1200
4189,1200
4190,1200
4191,1200
4192,1200
4193,1200
4194,1200
4195,1200
4196,1200
4197,1200
4198,1200
4199,1200
4200,1200
4201,1200
4202,1200
4203,1200
4204,1200
4205,1200
4206,1200
4207,1200
4208,1200
4209,1200
4210,1200
4211,1200
4212,1200
4213,1200
4214,1200
4215,1200
4216,1200
4217,1200
4218,1200
4219,1200
4220,1200
4221,1200
4222,1200
4223,1200
4224,1200
4225,1200
4226,1200
4227,1200
4228,1200
4229,1200
4230,1200
4231,1200
4232,1200
4233,1200
4234,1200
4235,1200
4236,1200
4237,1200
4238,1200
4239,1200
4240,1200
4241,1200
4242,1200
4243,1200
4244,1200
4245,1200
4246,1200
4247,1200
4248,1200
4249,1200
4250,1200
4251,1200
4252,1200
4253,1200
4254,1200
4255,1200
4256,1200
4257,1200
4258,1200
4259,1200
4260,1200
4261,1200
4262,1200
4263,1200
4264,1200
4265,1200
4266,1200
4267,1200
4268,1200
4269,1200
4270,1200
4271,1200
4272,1200
4273,1200
4274,1200
4275,1200
4276,1200
4277,1200
4278,1200
4279,1200
4280,1200
4281,1200
4282,1200
4283,1200
4284,1200
4285,1200
4286,1200
4287,1200
4288,1200
4289,1200
4290,1200
4291,1200
4292,1200
4293,1200
4294,1200
4295,1200
4296,1200
4297,1200
4298,1200
4299,1200
4300,1200
4301,1200
4302,1200
4303,1200
4304,1200
4305,1200
4306,1200
4307,1200
4308,1200
4309,1200
4310,1200
4311,1200
4312,1200
4313,1200
4314,1200
4315,1200
4316,1200
4317,1200
4318,1200
4319,1200
4320,1200
4321,1200
4322,1200
4323,1200
4324,1200
4325,1200
4326,1200
4327,1200
4328,1200
4329,1200
4330,1200
4331,1200
4332,1200
4333,1200
4334,1200
4335,1200
4336,1200
4337,1200
4338,1200
4339,1200
4340,1200
4341,1200
4342,1200
4343,1200
4344,1200
4345,1200
4346,1200
4347,1200
4348,1200
4349,1200
4350,1200
4351,1200
4352,1200
4353,1200
4354,1200
4355,1200
4356,1200
4357,1200
4358,1200
4359,1200
4360,1200
4361,1200
4362,1200
4363,1200
4364,1200
4365,1200
4366,1200
4367,1200
4368,1200
4369,1200
4370,1200
4371,1200
4372,1200
4373,1200
4374,1200
4375,1200
4376,1200
4377,1200
4378,1200
4379,1200
4380,1200
4381,1200
4382,1200
4383,1200
4384,1200
4385,1200
4386,1200
4387,1200
4388,1200
4389,1200
4390,1200
4391,1200
4392,1200
4393,1200
4394,1200
4395,1200
4396,1200
4397,1200
4398,1200
4399,1200
4400,1200
4401,1200
4402,1200
4403,1200
4404,1200
4405,1200
4406,1200
4407,1200
4408,1200
4409,1200
4410,1200
4411,1200
4412,1200
4413,1200
4414,1200
4415,1200
4416,1200
4417,1200
4418,1200
4419,1200
4420,1200
4421,1200
4422,1200
4423,1200
4424,1200
4425,1200
4426,1200
4427,1200
4428,1200
4429,1200
4430,1200
4431,1200
4432,1200
4433,1200
4434,1200
4435,1200
4436,1200
4437,1200
4438,1200
4439,1200
4440,1200
4441,1200
4442,1200
4443,1200
4444,1200
4445,1200
4446,1200
4447,1200
4448,1200
4449,1200
4450,1200
4451,1200
4452,1200
4453,1200
4454,1200
4455,1200
4456,1200
4457,1200
4458,1200
4459,1200
4460,1200
4461,1200
4462,1200
4463,1200
4464,1200
4465,1200
4466,1200
4467,1200
4468,1200
4469,1200
4470,1200
4471,1200
4472,1200
4473,1200
4474,1200
4475,1200
4476,1200
4477,1200
4478,1200
4479,1200
4480,1200
4481,1200
4482,1200
4483,1200
4484,1200
4485,1200
4486,1200
4487,1200
4488,1200
4489,1200
4490,1200
4491,1200
4492,1200
4493,1200
4494,1200
4495,1200
4496,1200
4497,1200
4498,1200
4499,1200
4500,1200
4501,1200
4502,1200
4503,1200
4504,1200
4505,1200
4506,1200
4507,1200
4508,1200
4509,1200
4510,1200
4511,1200
4512,1200
4513,1200
4514,1200
4515,1200
4516,1200
4517,1200
4518,1200
4519,1200
4520,1200
4521,1200
4522,1200
4523,1200
4524,1200
4525,1200
4526,1200
4527,1200
4528,1200
4529,1200
4530,1200
4531,1200
4532,1200
4533,1200
4534,1200
4535,1200
4536,1200
4537,1200
4538,1200
4539,1200
4540,1200
4541,1200
4542,1200
4543,1200
4544,1200
4545,1200
4546,1200
4547,1200
4548,1200
4549,1200
4550,1200
4551,1200
4552,1200
4553,1200
4554,1200
4555,1200
4556,1200
4557,1200
4558,1200
4559,1200
4560,1200
4561,1200
4562,1200
4563,1200
4564,1200
4565,1200
4566,1200
4567,1200
4568,1200
4569,1200
4570,1200
4571,1200
4572,1200
4573,1200
4574,1200
4575,1200
4576,1200
4577,1200
4578,1200
4579,1200
4580,1200
4581,1200
4582,1200
4583,1200
4584,1200
4585,1200
4586,1200
4587,1200
4588,1200
4589,1200
4590,1200
4591,1200
4592,1200
4593,1200
4594,1200
4595,1200
4596,1200
4597,1200
4598,1200
4599,1200
4600,1200
4601,1200
4602,1200
4603,1200
4604,1200
4605,1200
4606,1200
4607,1200
4608,1200
4609,1200
4610,1200
4611,1200
4612,1200
4613,1200
4614,1200
4615,1200
4616,1200
4617,1200
4618,1200
4619,1200
4620,1200
4621,1200
4622,1200
4623,1200
4624,1200
4625,1200
4626,1200
4627,1200
4628,1200
4629,1200
4630,1200
4631,1200
4632,1200
4633,1200
4634,1200
4635,1200
4636,1200
4637,1200
4638,1200
4639,1200
4640,1200
4641,1200
4642,1200
4643,1200
4644,1200
4645,1200
4646,1200
4647,1200
4648,1200
4649,1200
4650,1200
4651,1200
4652,1200
4653,1200
4654,1200
4655,1200
4656,1200
4657,1200
4658,1200
4659,1200
4660,1200
4661,1200
4662,1200
4663,1200
4664,1200
4665,1200
4666,1200
4667,1200
4668,1200
4669,1200
4670,1200
4671,1200
4672,1200
4673,1200
4674,1200
4675,1200
4676,1200
4677,1200
4678,1200
4679,1200
4680,1200
4681,1200
4682,1200
4683,1200
4684,1200
4685,1200
4686,1200
4687,1200
4688,1200
4689,1200
4690,1200
4691,1200
4692,1200
4693,1200
4694,1200
4695,1200
4696,1200
4697,1200
4698,1200
4699,1200
4700,1200
4701,1200
4702,1200
4703,1200
4704,1200
4705,1200
4706,1200
4707,1200
4708,1200
4709,1200
4710,1200
4711,1200
4712,1200
4713,1200
4714,1200
4715,1200
4716,1200
4717,1200
4718,1200
4719,1200
4720,1200
4721,1200
4722,1200
4723,1200
4724,1200
4725,1200
4726,1200
4727,1200
4728,1200
4729,1200
4730,1200
4731,1200
4732,1200
4733,1200
4734,1200
4735,1200
4736,1200
4737,1200
4738,1200
4739,1200
4740,1200
4741,1200
4742,1200
4743,1200
4744,1200
4745,1200
4746,1200
4747,1200
4748,1200
4749,1200
4750,1200
4751,1200
4752,1200
4753,1200
4754,1200
4755,1200
4756,1200
4757,1200
4758,1200
4759,1200
4760,1200
4761,1200
4762,1200
4763,1200
4764,1200
4765,1200
4766,1200
4767,1200
4768,1200
4769,1200
4770,1200
4771,1200
4772,1200
4773,1200
4774,1200
4775,1200
4776,1200
4777,1200
4778,1200
4779,1200
4780,1200
4781,1200
4782,1200
4783,1200
4784,1200
4785,1200
4786,1200
4787,1200
4788,1200
4789,1200
4790,1200
4791,1200
4792,1200
4793,1200
4794,1200
4795,1200
4796,1200
4797,1200
4798,1200
4799,1200
4800,1200
4801,1200
4802,1200
4803,1200
4804,1200
4805,1200
4806,1200
4807,1200
4808,1200
4809,1200
4810,1200
4811,1200
4812,1200
4813,1200
4814,1200
4815,1200
4816,1200
4817,1200
4818,1200
4819,1200
4820,1200
4821,1200
4822,1200
4823,1200
4824,1200
4825,1200
4826,1200
4827,1200
4828,1200
4829,1200
4830,1200
4831,1200
4832,1200
4833,1200
4834,1200
4835,1200
4836,1200
4837,1200
4838,1200
4839,1200
4840,1200
4841,1200
4842,1200
4843,1200
4844,1200
4845,1200
4846,1200
4847,1200
4848,1200
4849,1200
4850,1200
4851,1200
4852,1200
4853,1200
4854,1200
4855,1200
4856,1200
4857,1200
4858,1200
4859,1200
4860,1200
4861,1200
4862,1200
4863,1200
4864,1200
4865,1200
4866,1200
4867,1200
4868,1200
4869,1200
4870,1200
4871,1200
4872,1200
4873,1200
4874,1200
4875,1200
4876,1200
4877,1200
4878,1200
4879,1200
4880,1200
4881,1200
4882,1200
4883,1200
4884,1200
4885,1200
4886,1200
4887,1200
4888,1200
4889,1200
4890,1200
4891,1200
4892,1200
4893,1200
4894,1200
4895,1200
4896,1200
4897,1200
4898,1200
4899,1200
4900,1200
4901,1200
4902,1200
4903,1200
4904,1200
4905,1200
4906,1200
4907,1200
4908,1200
4909,1200
4910,1200
4911,1200
4912,1200
4913,1200
4914,1200
4915,1200
4916,1200
4917,1200
4918,1200
4919,1200
4920,1200
4921,1200
4922,1200
4923,1200
4924,1200
4925,1200
4926,1200
4927,1200
4928,1200
4929,1200
4930,1200
4931,1200
4932,1200
4933,1200
4934,1200
4935,1200
4936,1200
4937,1200
4938,1200
4939,1200
4940,1200
4941,1200
4942,1200
4943,1200
4944,1200
4945,1200
4946,1200
4947,1200
4948,1200
4949,1200
4950,1200
4951,1200
4952,1200
4953,1200
4954,1200
4955,1200
4956,1200
4957,1200
4958,1200
4959,1200
4960,1200
4961,1200
4962,1200
4963,1200
4964,1200
4965,1200
4966,1200
4967,1200
4968,1200
4969,1200
4970,1200
4971,1200
4972,1200
4973,1200
4974,1200
4975,1200
4976,1200
4977,1200
4978,1200
4979,1200
4980,1200
4981,1200
4982,1200
4983,1200
4984,1200
4985,1200
4986,1200
4987,1200
4988,1200
4989,1200
4990,1200
4991,1200
4992,1200
4993,1200
4994,1200
4995,1200
4996,1200
4997,1200
4998,1200
4999,1200
5000,1200
5001,1200
5002,1200
5003,1200
5004,1200
5005,1200
5006,1200
5007,1200
5008,1200
5009,1200
5010,1200
5011,1200
5012,1200
5013,1200
5014,1200
5015,1200
5016,1200
5017,1200
5018,1200
5019,1200
5020,1200
5021,1200
5022,1200
5023,1200
5024,1200
5025,1200
5026,1200
5027,1200
5028,1200
5029,1200
5030,1200
5031,1200
5032,1200
5033,1200
5034,1200
5035,1200
5036,1200
5037,1200
5038,1200
5039,1200
5040,1200
5041,1200
5042,1200
5043,1200
5044,1200
5045,1200
5046,1200
5047,1200
5048,1200
5049,1200
5050,1200
5051,1200
5052,1200
5053,1200
5054,1200
5055,1200
5056,1200
5057,1200
5058,1200
5059,1200
5060,1200
5061,1200
5062,1200
5063,1200
5064,1200
5065,1200
5066,1200
5067,1200
5068,1200
5069,1200
5070,1200
5071,1200
5072,1200
5073,1200
5074,1200
5075,1200
5076,1200
5077,1200
5078,1200
5079,1200
5080,1200
5081,1200
5082,1200
5083,1200
5084,1200
5085,1200
5086,1200
5087,1200
5088,1200
5089,1200
5090,1200
5091,1200
5092,1200
5093,1200
5094,1200
5095,1200
5096,1200
5097,1200
5098,1200
5099,1200
5100,1200
5101,1200
5102,1200
5103,1200
5104,1200
5105,1200
5106,1200
5107,1200
5108,1200
5109,1200
5110,1200
5111,1200
5112,1200
5113,1200
5114,1200
5115,1200
5116,1200
5117,1200
5118,1200
5119,1200
5120,1200
5121,1200
5122,1200
5123,1200
5124,1200
5125,1200
5126,1200
5127,1200
5128,1200
5129,1200
5130,1200
5131,1200
5132,1200
5133,1200
5134,1200
5135,1200
5136,1200
5137,1200
5138,1200
5139,1200
5140,1200
5141,1200
5142,1200
5143,1200
5144,1200
5145,1200
5146,1200
5147,1200
5148,1200
5149,1200
5150,1200
5151,1200
5152,1200
5153,1200
5154,1200
5155,1200
5156,1200
5157,1200
5158,1200
5159,1200
5160,1200
5161,1200
5162,1200
5163,1200
5164,1200
5165,1200
5166,1200
5167,1200
5168,1200
5169,1200
5170,1200
5171,1200
5172,1200
5173,1200
5174,1200
5175,1200
5176,1200
5177,1200
5178,1200
5179,1200
5180,1200
5181,1200
5182,1200
5183,1200
5184,1200
5185,1200
5186,1200
5187,1200
5188,1200
5189,1200
5190,1200
5191,1200
5192,1200
5193,1200
5194,1200
5195,1200
5196,1200
5197,1200
5198,1200
5199,1200
5200,1200
5201,1200
5202,1200
5203,1200
5204,1200
5205,1200
5206,1200
5207,1200
5208,1200
5209,1200
5210,1200
5211,1200
5212,1200
5213,1200
5214,1200
5215,1200
5216,1200
5217,1200
5218,1200
5219,1200
5220,1200
5221,1200
5222,1200
5223,1200
5224,1200
5225,1200
5226,1200
5227,1200
5228,1200
5229,1200
5230,1200
5231,1200
5232,1200
5233,1200
5234,1200
5235,1200
5236,1200
5237,1200
5238,1200
5239,1200
5240,1200
5241,1200
5242,1200
5243,1200
5244,1200
5245,1200
5246,1200
5247,1200
5248,1200
5249,1200
5250,1200
5251,1200
5252,1200
5253,1200
5254,1200
5255,1200
5256,1200
5257,1200
5258,1200
5259,1200
5260,1200
5261,1200
5262,1200
5263,1200
5264,1200
5265,1200
5266,1200
5267,1200
5268,1200
5269,1200
5270,1200
5271,1200
5272,1200
5273,1200
5274,1200
5275,1200
5276,1200
5277,1200
5278,1200
5279,1200
5280,1200
5281,1200
5282,1200
5283,1200
5284,1200
5285,1200
5286,1200
5287,1200
5288,1200
5289,1200
5290,1200
5291,1200
5292,1200
5293,1200
5294,1200
5295,1200
5296,1200
5297,1200
5298,1200
5299,1200
5300,1200
5301,1200
5302,1200
5303,1200
5304,1200
5305,1200
5306,1200
5307,1200
5308,1200
5309,1200
5310,1200
5311,1200
5312,1200
5313,1200
5314,1200
5315,1200
5316,1200
5317,1200
5318,1200
5319,1200
5320,1200
5321,1200
5322,1200
5323,1200
5324,1200
5325,1200
5326,1200
5327,1200
5328,1200
5329,1200
5330,1200
5331,1200
5332,1200
5333,1200
5334,1200
5335,1200
5336,1200
5337,1200
5338,1200
5339,1200
5340,1200
5341,1200
5342,1200
5343,1200
5344,1200
5345,1200
5346,1200
5347,1200
5348,1200
5349,1200
5350,1200
5351,1200
5352,1200
5353,1200
5354,1200
5355,1200
5356,1200
5357,1200
5358,1200
5359,1200
5360,1200
5361,1200
5362,1200
5363,1200
5364,1200
5365,1200
5366,1200
5367,1200
5368,1200
5369,1200
5370,1200
5371,1200
5372,1200
5373,1200
5374,1200
5375,1200
5376,1200
5377,1200
5378,1200
5379,1200
5380,1200
5381,1200
5382,1200
5383,1200
5384,1200
5385,1200
5386,1200
5387,1200
5388,1200
5389,1200
5390,1200
5391,1200
5392,1200
5393,1200
5394,1200
5395,1200
5396,1200
5397,1200
5398,1200
5399,1200
5400,1200
5401,1200
5402,1200
5403,1200
5404,1200
5405,1200
5406,1200
5407,1200
5408,1200
5409,1200
5410,1200
5411,1200
5412,1200
5413,1200
5414,1200
5415,1200
5416,1200
5417,1200
5418,1200
5419,1200
5420,1200
5421,1200
5422,1200
5423,1200
5424,1200
5425,1200
5426,1200
5427,1200
5428,1200
5429,1200
5430,1200
5431,1200
5432,1200
5433,1200
5434,1200
5435,1200
5436,1200
5437,1200
5438,1200
5439,1200
5440,1200
5441,1200
5442,1200
5443,1200
5444,1200
5445,1200
5446,1200
5447,1200
5448,1200
5449,1200
5450,1200
5451,1200
5452,1200
5453,1200
5454,1200
5455,1200
5456,1200
5457,1200
5458,1200
5459,1200
5460,1200
5461,1200
5462,1200
5463,1200
5464,1200
5465,1200
5466,1200
5467,1200
5468,1200
5469,1200
5470,1200
5471,1200
5472,1200
5473,1200
5474,1200
5475,1200
5476,1200
5477,1200
5478,1200
5479,1200
5480,1200
5481,1200
5482,1200
5483,1200
5484,1200
5485,1200
5486,1200
5487,1200
5488,1200
5489,1200
5490,1200
5491,1200
5492,1200
5493,1200
5494,1200
5495,1200
5496,1200
5497,1200
5498,1200
5499,1200
5500,1200
5501,1200
5502,1200
5503,1200
5504,1200
5505,1200
5506,1200
5507,1200
5508,1200
5509,1200
5510,1200
5511,1200
5512,1200
5513,1200
5514,1200
5515,1200
5516,1200
5517,1200
5518,1200
5519,1200
5520,1200
5521,1200
5522,1200
5523,1200
5524,1200
5525,1200
5526,1200
5527,1200
5528,1200
5529,1200
5530,1200
5531,1200
5532,1200
5533,1200
5534,1200
5535,1200
5536,1200
5537,1200
5538,1200
5539,1200
5540,1200
5541,1200
5542,1200
5543,1200
5544,1200
5545,1200
5546,1200
5547,1200
5548,1200
5549,1200
5550,1200
5551,1200
5552,1200
5553,1200
5554,1200
5555,1200
5556,1200
5557,1200
5558,1200
5559,1200
5560,1200
5561,1200
5562,1200
5563,1200
5564,1200
5565,1200
5566,1200
5567,1200
5568,1200
5569,1200
5570,1200
5571,1200
5572,1200
5573,1200
5574,1200
5575,1200
5576,1200
5577,1200
5578,1200
5579,1200
5580,1200
5581,1200
5582,1200
5583,1200
5584,1200
5585,1200
5586,1200
5587,1200
5588,1200
5589,1200
5590,1200
5591,1200
5592,1200
5593,1200
5594,1200
5595,1200
5596,1200
5597,1200
5598,1200
5599,1200
5600,1200
5601,1200
5602,1200
5603,1200
5604,1200
5605,1200
5606,1200
5607,1200
5608,1200
5609,1200
5610,1200
5611,1200
5612,1200
5613,1200
5614,1200
5615,1200
5616,1200
5617,1200
5618,1200
5619,1200
5620,1200
5621,1200
5622,1200
5623,1200
5624,1200
5625,1200
5626,1200
5627,1200
5628,1200
5629,1200
5630,1200
5631,1200
5632,1200
5633,1200
5634,1200
5635,1200
5636,1200
5637,1200
5638,1200
5639,1200
5640,1200
5641,1200
5642,1200
5643,1200
5644,1200
5645,1200
5646,1200
5647,1200
5648,1200
5649,1200
5650,1200
5651,1200
5652,1200
5653,1200
5654,1200
5655,1200
5656,1200
5657,1200
5658,1200
5659,1200
5660,1200
5661,1200
5662,1200
5663,1200
5664,1200
5665,1200
5666,1200
5667,1200
5668,1200
5669,1200
5670,1200
5671,1200
5672,1200
5673,1200
5674,1200
5675,1200
5676,1200
5677,1200
5678,1200
5679,1200
5680,1200
5681,1200
5682,1200
5683,1200
5684,1200
5685,1200
5686,1200
5687,1200
5688,1200
5689,1200
5690,1200
5691,1200
5692,1200
5693,1200
5694,1200
5695,1200
5696,1200
5697,1200
5698,1200
5699,1200
5700,1200
5701,1200
5702,1200
5703,1200
5704,1200
5705,1200
5706,1200
5707,1200
5708,1200
5709,1200
5710,1200
5711,1200
5712,1200
5713,1200
5714,1200
5715,1200
5716,1200
5717,1200
5718,1200
5719,1200
5720,1200
5721,1200
5722,1200
5723,1200
5724,1200
5725,1200
5726,1200
5727,1200
5728,1200
5729,1200
5730,1200
5731,1200
5732,1200
5733,1200
5734,1200
5735,1200
5736,1200
5737,1200
5738,1200
5739,1200
5740,1200
5741,1200
5742,1200
5743,1200
5744,1200
5745,1200
5746,1200
5747,1200
5748,1200
5749,1200
5750,1200
5751,1200
5752,1200
5753,1200
5754,1200
5755,1200
5756,1200
5757,1200
5758,1200
5759,1200
5760,1200
5761,1200
5762,1200
5763,1200
5764,1200
5765,1200
5766,1200
5767,1200
5768,1200
5769,1200
5770,1200
5771,1200
5772,1200
5773,1200
5774,1200
5775,1200
5776,1200
5777,1200
5778,1200
5779,1200
5780,1200
5781,1200
5782,1200
5783,1200
5784,1200
5785,1200
5786,1200
5787,1200
5788,1200
5789,1200
5790,1200
5791,1200
5792,1200
5793,1200
5794,1200
5795,1200
5796,1200
5797,1200
5798,1200
5799,1200
5800,1200
5801,1200
5802,1200
5803,1200
5804,1200
5805,1200
5806,1200
5807,1200
5808,1200
5809,1200
5810,1200
5811,1200
5812,1200
5813,1200
5814,1200
5815,1200
5816,1200
5817,1200
5818,1200
5819,1200
5820,1200
5821,1200
5822,1200
5823,1200
5824,1200
5825,1200
5826,1200
5827,1200
5828,1200
5829,1200
5830,1200
5831,1200
5832,1200
5833,1200
5834,1200
5835,1200
5836,1200
5837,1200
5838,1200
5839,1200
5840,1200
5841,1200
5842,1200
5843,1200
5844,1200
5845,1200
5846,1200
5847,1200
5848,1200
5849,1200
5850,1200
5851,1200
5852,1200
5853,1200
5854,1200
5855,1200
5856,1200
5857,1200
5858,1200
5859,1200
5860,1200
5861,1200
5862,1200
5863,1200
5864,1200
5865,1200
5866,1200
5867,1200
5868,1200
5869,1200
5870,1200
5871,1200
5872,1200
5873,1200
5874,1200
5875,1200
5876,1200
5877,1200
5878,1200
5879,1200
5880,1200
5881,1200
5882,1200
5883,1200
5884,1200
5885,1200
5886,1200
5887,1200
5888,1200
5889,1200
5890,1200
5891,1200
5892,1200
5893,1200
5894,1200
5895,1200
5896,1200
5897,1200
5898,1200
5899,1200
5900,1200
5901,1200
5902,1200
5903,1200
5904,1200
5905,1200
5906,1200
5907,1200
5908,1200
5909,1200
5910,1200
5911,1200
5912,1200
5913,1200
5914,1200
5915,1200
5916,1200
5917,1200
5918,1200
5919,1200
5920,1200
5921,1200
5922,1200
5923,1200
5924,1200
5925,1200
5926,1200
5927,1200
5928,1200
5929,1200
5930,1200
5931,1200
5932,1200
5933,1200
5934,1200
5935,1200
5936,1200
5937,1200
5938,1200
5939,1200
5940,1200
5941,1200
5942,1200
5943,1200
5944,1200
5945,1200
5946,1200
5947,1200
5948,1200
5949,1200
5950,1200
5951,1200
5952,1200
5953,1200
5954,1200
5955,1200
5956,1200
5957,1200
5958,1200
5959,1200
5960,1200
5961,1200
5962,1200
5963,1200
5964,1200
5965,1200
5966,1200
5967,1200
5968,1200
5969,1200
5970,1200
5971,1200
5972,1200
5973,1200
5974,1200
5975,1200
5976,1200
5977,1200
5978,1200
5979,1200
5980,1200
5981,1200
5982,1200
5983,1200
5984,1200
5985,1200
5986,1200
5987,1200
5988,1200
5989,1200
5990,1200
5991,1200
5992,1200
5993,1200
5994,1200
5995,1200
5996,1200
5997,1200
5998,1200
5999,1200
6000,1200
6001,1200
6002,1200
6003,1200
6004,1200
6005,1200
6006,1200
6007,1200
6008,1200
6009,1200
6010,1200
6011,1200
6012,1200
6013,1200
6014,1200
6015,1200
6016,1200
6017,1200
6018,1200
6019,1200
6020,1200
6021,1200
6022,1200
6023,1200
6024,1200
6025,1200
6026,1200
6027,1200
6028,1200
6029,1200
6030,1200
6031,1200
6032,1200
6033,1200
6034,1200
6035,1200
6036,1200
6037,1200
6038,1200
6039,1200
6040,1200
6041,1200
6042,1200
6043,1200
6044,1200
6045,1200
6046,1200
6047,1200
6048,1200
6049,1200
6050,1200
6051,1200
6052,1200
6053,1200
6054,1200
6055,1200
6056,1200
6057,1200
6058,1200
6059,1200
6060,1200
6061,1200
6062,1200
6063,1200
6064,1200
6065,1200
6066,1200
6067,1200
6068,1200
6069,1200
6070,1200
6071,1200
6072,1200
6073,1200
6074,1200
6075,1200
6076,1200
6077,1200
6078,1200
6079,1200
6080,1200
6081,1200
6082,1200
6083,1200
6084,1200
6085,1200
6086,1200
6087,1200
6088,1200
6089,1200
6090,1200
6091,1200
6092,1200
6093,1200
6094,1200
6095,1200
6096,1200
6097,1200
6098,1200
6099,1200
6100,1200
6101,1200
6102,1200
6103,1200
6104,1200
6105,1200
6106,1200
6107,1200
6108,1200
6109,1200
6110,1200
6111,1200
6112,1200
6113,1200
6114,1200
6115,1200
6116,1200
6117,1200
6118,1200
6119,1200
6120,1200
6121,1200
6122,1200
6123,1200
6124,1200
6125,1200
6126,1200
6127,1200
6128,1200
6129,1200
6130,1200
6131,1200
6132,1200
6133,1200
6134,1200
6135,1200
6136,1200
6137,1200
6138,1200
6139,1200
6140,1200
6141,1200
6142,1200
6143,1200
6144,1200
6145,1200
6146,1200
6147,1200
6148,1200
6149,1200
6150,1200
6151,1200
6152,1200
6153,1200
6154,1200
6155,1200
6156,1200
6157,1200
6158,1200
6159,1200
6160,1200
6161,1200
6162,1200
6163,1200
6164,1200
6165,1200
6166,1200
6167,1200
6168,1200
6169,1200
6170,1200
6171,1200
6172,1200
6173,1200
6174,1200
6175,1200
6176,1200
6177,1200
6178,1200
6179,1200
6180,1200
6181,1200
6182,1200
6183,1200
6184,1200
6185,1200
6186,1200
6187,1200
6188,1200
6189,1200
6190,1200
6191,1200
6192,1200
6193,1200
6194,1200
6195,1200
6196,1200
6197,1200
6198,1200
6199,1200
6200,1200
6201,1200
6202,1200
6203,1200
6204,1200
6205,1200
6206,1200
6207,1200
6208,1200
6209,1200
6210,1200
6211,1200
6212,1200
6213,1200
6214,1200
6215,1200
6216,1200
6217,1200
6218,1200
6219,1200
6220,1200
6221,1200
6222,1200
6223,1200
6224,1200
6225,1200
6226,1200
6227,1200
6228,1200
6229,1200
6230,1200
6231,1200
6232,1200
6233,1200
6234,1200
6235,1200
6236,1200
6237,1200
6238,1200
6239,1200
6240,1200
6241,1200
6242,1200
6243,1200
6244,1200
6245,1200
6246,1200
6247,1200
6248,1200
6249,1200
6250,1200
6251,1200
6252,1200
6253,1200
6254,1200
6255,1200
6256,1200
6257,1200
6258,1200
6259,1200
6260,1200
6261,1200
6262,1200
6263,1200
6264,1200
6265,1200
6266,1200
6267,1200
6268,1200
6269,1200
6270,1200
6271,1200
6272,1200
6273,1200
6274,1200
6275,1200
6276,1200
6277,1200
6278,1200
6279,1200
6280,1200
6281,1200
6282,1200
6283,1200
6284,1200
6285,1200
6286,1200
6287,1200
6288,1200
6289,1200
6290,1200
6291,1200
6292,1200
6293,1200
6294,1200
6295,1200
6296,1200
6297,1200
6298,1200
6299,1200
6300,1200
6301,1200
6302,1200
6303,1200
6304,1200
6305,1200
6306,1200
6307,1200
6308,1200
6309,1200
6310,1200
6311,1200
6312,1200
6313,1200
6314,1200
6315,1200
6316,1200
6317,1200
6318,1200
6319,1200
6320,1200
6321,1200
6322,1200
6323,1200
6324,1200
6325,1200
6326,1200
6327,1200
6328,1200
6329,1200
6330,1200
6331,1200
6332,1200
6333,1200
6334,1200
6335,1200
6336,1200
6337,1200
6338,1200
6339,1200
6340,1200
6341,1200
6342,1200
6343,1200
6344,1200
6345,1200
6346,1200
6347,1200
6348,1200
6349,1200
6350,1200
6351,1200
6352,1200
6353,1200
6354,1200
6355,1200
6356,1200
6357,1200
6358,1200
6359,1200
6360,1200
6361,1200
6362,1200
6363,1200
6364,1200
6365,1200
6366,1200
6367,1200
6368,1200
6369,1200
6370,1200
6371,1200
6372,1200
6373,1200
6374,1200
6375,1200
6376,1200
6377,1200
6378,1200
6379,1200
6380,1200
6381,1200
6382,1200
6383,1200
6384,1200
6385,1200
6386,1200
6387,1200
6388,1200
6389,1200
6390,1200
6391,1200
6392,1200
6393,1200
6394,1200
6395,1200
6396,1200
6397,1200
6398,1200
6399,1200
6400,1200
6401,1200
6402,1200
6403,1200
6404,1200
6405,1200
6406,1200
6407,1200
6408,1200
6409,1200
6410,1200
6411,1200
6412,1200
6413,1200
6414,1200
6415,1200
6416,1200
6417,1200
6418,1200
6419,1200
6420,1200
6421,1200
6422,1200
6423,1200
6424,1200
6425,1200
6426,1200
6427,1200
6428,1200
6429,1200
6430,1200
6431,1200
6432,1200
6433,1200
6434,1200
6435,1200
6436,1200
6437,1200
6438,1200
6439,1200
6440,1200
6441,1200
6442,1200
6443,1200
6444,1200
6445,1200
6446,1200
6447,1200
6448,1200
6449,1200
6450,1200
6451,1200
6452,1200
6453,1200
6454,1200
6455,1200
6456,1200
6457,1200
6458,1200
6459,1200
6460,1200
6461,1200
6462,1200
6463,1200
6464,1200
6465,1200
6466,1200
6467,1200
6468,1200
6469,1200
6470,1200
6471,1200
6472,1200
6473,1200
6474,1200
6475,1200
6476,1200
6477,1200
6478,1200
6479,1200
6480,1200
6481,1200
6482,1200
6483,1200
6484,1200
6485,1200
6486,1200
6487,1200
6488,1200
6489,1200
6490,1200
6491,1200
6492,1200
6493,1200
6494,1200
6495,1200
6496,1200
6497,1200
6498,1200
6499,1200
6500,1200
6501,1200
6502,1200
6503,1200
6504,1200
6505,1200
6506,1200
6507,1200
6508,1200
6509,1200
6510,1200
6511,1200
6512,1200
6513,1200
6514,1200
6515,1200
6516,1200
6517,1200
6518,1200
6519,1200
6520,1200
6521,1200
6522,1200
6523,1200
6524,1200
6525,1200
6526,1200
6527,1200
6528,1200
6529,1200
6530,1200
6531,1200
6532,1200
6533,1200
6534,1200
6535,1200
6536,1200
6537,1200
6538,1200
6539,1200
6540,1200
6541,1200
6542,1200
6543,1200
6544,1200
6545,1200
6546,1200
6547,1200
6548,1200
6549,1200
6550,1200
6551,1200
6552,1200
6553,1200
6554,1200
6555,1200
6556,1200
6557,1200
6558,1200
6559,1200
6560,1200
6561,1200
6562,1200
6563,1200
6564,1200
6565,1200
6566,1200
6567,1200
6568,1200
6569,1200
6570,1200
6571,1200
6572,1200
6573,1200
6574,1200
6575,1200
6576,1200
6577,1200
6578,1200
6579,1200
6580,1200
6581,1200
6582,1200
6583,1200
6584,1200
6585,1200
6586,1200
6587,1200
6588,1200
6589,1200
6590,1200
6591,1200
6592,1200
6593,1200
6594,1200
6595,1200
6596,1200
6597,1200
6598,1200
6599,1200
6600,1200
6601,1200
6602,1200
6603,1200
6604,1200
6605,1200
6606,1200
6607,1200
6608,1200
6609,1200
6610,1200
6611,1200
6612,1200
6613,1200
6614,1200
6615,1200
6616,1200
6617,1200
6618,1200
6619,1200
6620,1200
6621,1200
6622,1200
6623,1200
6624,1200
6625,1200
6626,1200
6627,1200
6628,1200
6629,1200
6630,1200
6631,1200
6632,1200
6633,1200
6634,1200
6635,1200
6636,1200
6637,1200
6638,1200
6639,1200
6640,1200
6641,1200
6642,1200
6643,1200
6644,1200
6645,1200
6646,1200
6647,1200
6648,1200
6649,1200
6650,1200
6651,1200
6652,1200
6653,1200
6654,1200
6655,1200
6656,1200
6657,1200
6658,1200
6659,1200
6660,1200
6661,1200
6662,1200
6663,1200
6664,1200
6665,1200
6666,1200
6667,1200
6668,1200
6669,1200
6670,1200
6671,1200
6672,1200
6673,1200
6674,1200
6675,1200
6676,1200
6677,1200
6678,1200
6679,1200
6680,1200
6681,1200
6682,1200
6683,1200
6684,1200
6685,1200
6686,1200
6687,1200
6688,1200
6689,1200
6690,1200
6691,1200
6692,1200
6693,1200
6694,1200
6695,1200
6696,1200
6697,1200
6698,1200
6699,1200
6700,1200
6701,1200
6702,1200
6703,1200
6704,1200
6705,1200
6706,1200
6707,1200
6708,1200
6709,1200
6710,1200
6711,1200
6712,1200
6713,1200
6714,1200
6715,1200
6716,1200
6717,1200
6718,1200
6719,1200
6720,1200
6721,1200
6722,1200
6723,1200
6724,1200
6725,1200
6726,1200
6727,1200
6728,1200
6729,1200
6730,1200
6731,1200
6732,1200
6733,1200
6734,1200
6735,1200
6736,1200
6737,1200
6738,1200
6739,1200
6740,1200
6741,1200
6742,1200
6743,1200
6744,1200
6745,1200
6746,1200
6747,1200
6748,1200
6749,1200
6750,1200
6751,1200
6752,1200
6753,1200
6754,1200
6755,1200
6756,1200
6757,1200
6758,1200
6759,1200
6760,1200
6761,1200
6762,1200
6763,1200
6764,1200
6765,1200
6766,1200
6767,1200
6768,1200
6769,1200
6770,1200
6771,1200
6772,1200
6773,1200
6774,1200
6775,1200
6776,1200
6777,1200
6778,1200
6779,1200
6780,1200
6781,1200
6782,1200
6783,1200
6784,1200
6785,1200
6786,1200
6787,1200
6788,1200
6789,1200
6790,1200
6791,1200
6792,1200
6793,1200
6794,1200
6795,1200
6796,1200
6797,1200
6798,1200
6799,1200
6800,1200
6801,1200
6802,1200
6803,1200
6804,1200
6805,1200
6806,1200
6807,1200
6808,1200
6809,1200
6810,1200
6811,1200
6812,1200
6813,1200
6814,1200
6815,1200
6816,1200
6817,1200
6818,1200
6819,1200
6820,1200
6821,1200
6822,1200
6823,1200
6824,1200
6825,1200
6826,1200
6827,1200
6828,1200
6829,1200
6830,1200
6831,1200
6832,1200
6833,1200
6834,1200
6835,1200
6836,1200
6837,1200
6838,1200
6839,1200
6840,1200
6841,1200
6842,1200
6843,1200
6844,1200
6845,1200
6846,1200
6847,1200
6848,1200
6849,1200
6850,1200
6851,1200
6852,1200
6853,1200
6854,1200
6855,1200
6856,1200
6857,1200
6858,1200
6859,1200
6860,1200
6861,1200
6862,1200
6863,1200
6864,1200
6865,1200
6866,1200
6867,1200
6868,1200
6869,1200
6870,1200
6871,1200
6872,1200
6873,1200
6874,1200
6875,1200
6876,1200
6877,1200
6878,1200
6879,1200
6880,1200
6881,1200
6882,1200
6883,1200
6884,1200
6885,1200
6886,1200
6887,1200
6888,1200
6889,1200
6890,1200
6891,1200
6892,1200
6893,1200
6894,1200
6895,1200
6896,1200
6897,1200
6898,1200
6899,1200
6900,1200
6901,1200
6902,1200
6903,1200
6904,1200
6905,1200
6906,1200
6907,1200
6908,1200
6909,1200
6910,1200
6911,1200
6912,1200
6913,1200
6914,1200
6915,1200
6916,1200
6917,1200
6918,1200
6919,1200
6920,1200
6921,1200
6922,1200
6923,1200
6924,1200
6925,1200
6926,1200
6927,1200
6928,1200
6929,1200
6930,1200
6931,1200
6932,1200
6933,1200
6934,1200
6935,1200
6936,1200
6937,1200
6938,1200
6939,1200
6940,1200
6941,1200
6942,1200
6943,1200
6944,1200
6945,1200
6946,1200
6947,1200
6948,1200
6949,1200
6950,1200
6951,1200
6952,1200
6953,1200
6954,1200
6955,1200
6956,1200
6957,1200
6958,1200
6959,1200
6960,1200
6961,1200
6962,1200
6963,1200
6964,1200
6965,1200
6966,1200
6967,1200
6968,1200
6969,1200
6970,1200
6971,1200
6972,1200
6973,1200
6974,1200
6975,1200
6976,1200
6977,1200
6978,1200
6979,1200
6980,1200
6981,1200
6982,1200
6983,1200
6984,1200
6985,1200
6986,1200
6987,1200
6988,1200
6989,1200
6990,1200
6991,1200
6992,1200
6993,1200
6994,1200
6995,1200
6996,1200
6997,1200
6998,1200
6999,1200
7000,1200
7001,1200
7002,1200
7003,1200
7004,1200
7005,1200
7006,1200
7007,1200
7008,1200
7009,1200
7010,1200
7011,1200
7012,1200
7013,1200
7014,1200
7015,1200
7016,1200
7017,1200
7018,1200
7019,1200
7020,1200
7021,1200
7022,1200
7023,1200
7024,1200
7025,1200
7026,1200
7027,1200
7028,1200
7029,1200
7030,1200
7031,1200
7032,1200
7033,1200
7034,1200
7035,1200
7036,1200
7037,1200
7038,1200
7039,1200
7040,1200
7041,1200
7042,1200
7043,1200
7044,1200
7045,1200
7046,1200
7047,1200
7048,1200
7049,1200
7050,1200
7051,1200
7052,1200
7053,1200
7054,1200
7055,1200
7056,1200
7057,1200
7058,1200
7059,1200
7060,1200
7061,1200
7062,1200
7063,1200
7064,1200
7065,1200
7066,1200
7067,1200
7068,1200
7069,1200
7070,1200
7071,1200
7072,1200
7073,1200
7074,1200
7075,1200
7076,1200
7077,1200
7078,1200
7079,1200
7080,1200
7081,1200
7082,1200
7083,1200
7084,1200
7085,1200
7086,1200
7087,1200
7088,1200
7089,1200
7090,1200
7091,1200
7092,1200
7093,1200
7094,1200
7095,1200
7096,1200
7097,1200
7098,1200
7099,1200
7100,1200
7101,1200
7102,1200
7103,1200
7104,1200
7105,1200
7106,1200
7107,1200
7108,1200
7109,1200
7110,1200
7111,1200
7112,1200
7113,1200
7114,1200
7115,1200
7116,1200
7117,1200
7118,1200
7119,1200
7120,1200
7121,1200
7122,1200
7123,1200
7124,1200
7125,1200
7126,1200
7127,1200
7128,1200
7129,1200
7130,1200
7131,1200
7132,1200
7133,1200
7134,1200
7135,1200
7136,1200
7137,1200
7138,1200
7139,1200
7140,1200
7141,1200
7142,1200
7143,1200
7144,1200
7145,1200
7146,1200
7147,1200
7148,1200
7149,1200
7150,1200
7151,1200
7152,1200
7153,1200
7154,1200
7155,1200
7156,1200
7157,1200
7158,1200
7159,1200
7160,1200
7161,1200
7162,1200
7163,1200
7164,1200
7165,1200
7166,1200
7167,1200
7168,1200
7169,1200
7170,1200
7171,1200
7172,1200
7173,1200
7174,1200
7175,1200
7176,1200
7177,1200
7178,1200
7179,1200
7180,1200
7181,1200
7182,1200
7183,1200
7184,1200
7185,1200
7186,1200
7187,1200
7188,1200
7189,1200
7190,1200
7191,1200
7192,1200
7193,1200
7194,1200
7195,1200
7196,1200
7197,1200
7198,1200
7199,1200
7200,1200
7201,1200
7202,1200
7203,1200
7204,1200
7205,1200
7206,1200
7207,1200
7208,1200
7209,1200
7210,1200
7211,1200
7212,1200
7213,1200
7214,1200
7215,1200
7216,1200
7217,1200
7218,1200
7219,1200
7220,1200
7221,1200
7222,1200
7223,1200
7224,1200
7225,1200
7226,1200
7227,1200
7228,1200
7229,1200
7230,1200
7231,1200
7232,1200
7233,1200
7234,1200
7235,1200
7236,1200
7237,1200
7238,1200
7239,1200
7240,1200
7241,1200
7242,1200
7243,1200
7244,1200
7245,1200
7246,1200
7247,1200
7248,1200
7249,1200
7250,1200
7251,1200
7252,1200
7253,1200
7254,1200
7255,1200
7256,1200
7257,1200
7258,1200
7259,1200
7260,1200
7261,1200
7262,1200
7263,1200
7264,1200
7265,1200
7266,1200
7267,1200
7268,1200
7269,1200
7270,1200
7271,1200
7272,1200
7273,1200
7274,1200
7275,1200
7276,1200
7277,1200
7278,1200
7279,1200
7280,1200
7281,1200
7282,1200
7283,1200
7284,1200
7285,1200
7286,1200
7287,1200
7288,1200
7289,1200
7290,1200
7291,1200
7292,1200
7293,1200
7294,1200
7295,1200
7296,1200
7297,1200
7298,1200
7299,1200
7300,1200
7301,1200
7302,1200
7303,1200
7304,1200
7305,1200
7306,1200
7307,1200
7308,1200
7309,1200
7310,1200
7311,1200
7312,1200
7313,1200
7314,1200
7315,1200
7316,1200
7317,1200
7318,1200
7319,1200
7320,1200
7321,1200
7322,1200
7323,1200
7324,1200
7325,1200
7326,1200
7327,1200
7328,1200
7329,1200
7330,1200
7331,1200
7332,1200
7333,1200
7334,1200
7335,1200
7336,1200
7337,1200
7338,1200
7339,1200
7340,1200
7341,1200
7342,1200
7343,1200
7344,1200
7345,1200
7346,1200
7347,1200
7348,1200
7349,1200
7350,1200
7351,1200
7352,1200
7353,1200
7354,1200
7355,1200
7356,1200
7357,1200
7358,1200
7359,1200
7360,1200
7361,1200
7362,1200
7363,1200
7364,1200
7365,1200
7366,1200
7367,1200
7368,1200
7369,1200
7370,1200
7371,1200
7372,1200
7373,1200
7374,1200
7375,1200
7376,1200
7377,1200
7378,1200
7379,1200
7380,1200
7381,1200
7382,1200
7383,1200
7384,1200
7385,1200
7386,1200
7387,1200
7388,1200
7389,1200
7390,1200
7391,1200
7392,1200
7393,1200
7394,1200
7395,1200
7396,1200
7397,1200
7398,1200
7399,1200
7400,1200
7401,1200
7402,1200
7403,1200
7404,1200
7405,1200
7406,1200
7407,1200
7408,1200
7409,1200
7410,1200
7411,1200
7412,1200
7413,1200
7414,1200
7415,1200
7416,1200
7417,1200
7418,1200
7419,1200
7420,1200
7421,1200
7422,1200
7423,1200
7424,1200
7425,1200
7426,1200
7427,1200
7428,1200
7429,1200
7430,1200
7431,1200
7432,1200
7433,1200
7434,1200
7435,1200
7436,1200
7437,1200
7438,1200
7439,1200
7440,1200
7441,1200
7442,1200
7443,1200
7444,1200
7445,1200
7446,1200
7447,1200
7448,1200
7449,1200
7450,1200
7451,1200
7452,1200
7453,1200
7454,1200
7455,1200
7456,1200
7457,1200
7458,1200
7459,1200
7460,1200
7461,1200
7462,1200
7463,1200
7464,1200
7465,1200
7466,1200
7467,1200
7468,1200
7469,1200
7470,1200
7471,1200
7472,1200
7473,1200
7474,1200
7475,1200
7476,1200
7477,1200
7478,1200
7479,1200
7480,1200
7481,1200
7482,1200
7483,1200
7484,1200
7485,1200
7486,1200
7487,1200
7488,1200
7489,1200
7490,1200
7491,1200
7492,1200
7493,1200
7494,1200
7495,1200
7496,1200
7497,1200
7498,1200
7499,1200
7500,1200
7501,1200
7502,1200
7503,1200
7504,1200
7505,1200
7506,1200
7507,1200
7508,1200
7509,1200
7510,1200
7511,1200
7512,1200
7513,1200
7514,1200
7515,1200
7516,1200
7517,1200
7518,1200
7519,1200
7520,1200
7521,1200
7522,1200
7523,1200
7524,1200
7525,1200
7526,1200
7527,1200
7528,1200
7529,1200
7530,1200
7531,1200
7532,1200
7533,1200
7534,1200
7535,1200
7536,1200
7537,1200
7538,1200
7539,1200
7540,1200
7541,1200
7542,1200
7543,1200
7544,1200
7545,1200
7546,1200
7547,1200
7548,1200
7549,1200
7550,1200
7551,1200
7552,1200
7553,1200
7554,1200
7555,1200
7556,1200
7557,1200
7558,1200
7559,1200
7560,1200
7561,1200
7562,1200
7563,1200
7564,1200
7565,1200
7566,1200
7567,1200
7568,1200
7569,1200
7570,1200
7571,1200
7572,1200
7573,1200
7574,1200
7575,1200
7576,1200
7577,1200
7578,1200
7579,1200
7580,1200
7581,1200
7582,1200
7583,1200
7584,1200
7585,1200
7586,1200
7587,1200
7588,1200
7589,1200
7590,1200
7591,1200
7592,1200
7593,1200
7594,1200
7595,1200
7596,1200
7597,1200
7598,1200
7599,1200
7600,1200
7601,1200
7602,1200
7603,1200
7604,1200
7605,1200
7606,1200
7607,1200
7608,1200
7609,1200
7610,1200
7611,1200
7612,1200
7613,1200
7614,1200
7615,1200
7616,1200
7617,1200
7618,1200
7619,1200
7620,1200
7621,1200
7622,1200
7623,1200
7624,1200
7625,1200
7626,1200
7627,1200
7628,1200
7629,1200
7630,1200
7631,1200
7632,1200
7633,1200
7634,1200
7635,1200
7636,1200
7637,1200
7638,1200
7639,1200
7640,1200
7641,1200
7642,1200
7643,1200
7644,1200
7645,1200
7646,1200
7647,1200
7648,1200
7649,1200
7650,1200
7651,1200
7652,1200
7653,1200
7654,1200
7655,1200
7656,1200
7657,1200
7658,1200
7659,1200
7660,1200
7661,1200
7662,1200
7663,1200
7664,1200
7665,1200
7666,1200
7667,1200
7668,1200
7669,1200
7670,1200
7671,1200
7672,1200
7673,1200
7674,1200
7675,1200
7676,1200
7677,1200
7678,1200
7679,1200
7680,1200
7681,1200
7682,1200
7683,1200
7684,1200
7685,1200
7686,1200
7687,1200
7688,1200
7689,1200
7690,1200
7691,1200
7692,1200
7693,1200
7694,1200
7695,1200
7696,1200
7697,1200
7698,1200
7699,1200
7700,1200
7701,1200
7702,1200
7703,1200
7704,1200
7705,1200
7706,1200
7707,1200
7708,1200
7709,1200
7710,1200
7711,1200
7712,1200
7713,1200
7714,1200
7715,1200
7716,1200
7717,1200
7718,1200
7719,1200
7720,1200
7721,1200
7722,1200
7723,1200
7724,1200
7725,1200
7726,1200
7727,1200
7728,1200
7729,1200
7730,1200
7731,1200
7732,1200
7733,1200
7734,1200
7735,1200
7736,1200
7737,1200
7738,1200
7739,1200
7740,1200
7741,1200
7742,1200
7743,1200
7744,1200
7745,1200
7746,1200
7747,1200
7748,1200
7749,1200
7750,1200
7751,1200
7752,1200
7753,1200
7754,1200
7755,1200
7756,1200
7757,1200
7758,1200
7759,1200
7760,1200
7761,1200
7762,1200
7763,1200
7764,1200
7765,1200
7766,1200
7767,1200
7768,1200
7769,1200
7770,1200
7771,1200
7772,1200
7773,1200
7774,1200
7775,1200
7776,1200
7777,1200
7778,1200
7779,1200
7780,1200
7781,1200
7782,1200
7783,1200
7784,1200
7785,1200
7786,1200
7787,1200
7788,1200
7789,1200
7790,1200
7791,1200
7792,1200
7793,1200
7794,1200
7795,1200
7796,1200
7797,1200
7798,1200
7799,1200
7800,1200
7801,1200
7802,1200
7803,1200
7804,1200
7805,1200
7806,1200
7807,1200
7808,1200
7809,1200
7810,1200
7811,1200
7812,1200
7813,1200
7814,1200
7815,1200
7816,1200
7817,1200
7818,1200
7819,1200
7820,1200
7821,1200
7822,1200
7823,1200
7824,1200
7825,1200
7826,1200
7827,1200
7828,1200
7829,1200
7830,1200
7831,1200
7832,1200
7833,1200
7834,1200
7835,1200
7836,1200
7837,1200
7838,1200
7839,1200
7840,1200
7841,1200
7842,1200
7843,1200
7844,1200
7845,1200
7846,1200
7847,1200
7848,1200
7849,1200
