{
"meta":{"test_sets":[],"test_metrics":[],"learn_metrics":[{"best_value":"Min","name":"Logloss"}],"launch_mode":"Train","parameters":"","iteration_count":290,"learn_sets":["learn"],"name":"experiment"},
"iterations":[
{"learn":[0.6931469976],"iteration":0,"passed_time":0.003895140182,"remaining_time":1.125695513},
{"learn":[0.6931462954],"iteration":1,"passed_time":0.007718307498,"remaining_time":1.11143628},
{"learn":[0.6931459257],"iteration":2,"passed_time":0.01165445792,"remaining_time":1.114943141},
{"learn":[0.6931419144],"iteration":3,"passed_time":0.0155120118,"remaining_time":1.109108844},
{"learn":[0.6931408046],"iteration":4,"passed_time":0.01931350263,"remaining_time":1.10086965},
{"learn":[0.6931406531],"iteration":5,"passed_time":0.02297482162,"remaining_time":1.08747489},
{"learn":[0.6931396301],"iteration":6,"passed_time":0.0267535813,"remaining_time":1.081609072},
{"learn":[0.6931390282],"iteration":7,"passed_time":0.03106187136,"remaining_time":1.094930966},
{"learn":[0.6931376928],"iteration":8,"passed_time":0.03501064926,"remaining_time":1.093110271},
{"learn":[0.6931362777],"iteration":9,"passed_time":0.03961239207,"remaining_time":1.109146978},
{"learn":[0.6931362325],"iteration":10,"passed_time":0.04521250907,"remaining_time":1.146753639},
{"learn":[0.6931346102],"iteration":11,"passed_time":0.04901947341,"remaining_time":1.135617801},
{"learn":[0.6931344703],"iteration":12,"passed_time":0.05323370922,"remaining_time":1.134287496},
{"learn":[0.6931333035],"iteration":13,"passed_time":0.05706450472,"remaining_time":1.12498595},
{"learn":[0.6931333024],"iteration":14,"passed_time":0.05943772863,"remaining_time":1.089691691},
{"learn":[0.6931325818],"iteration":15,"passed_time":0.06376308567,"remaining_time":1.091942842},
{"learn":[0.6931306672],"iteration":16,"passed_time":0.06779727998,"remaining_time":1.088744555},
{"learn":[0.6931306208],"iteration":17,"passed_time":0.07107253308,"remaining_time":1.073984944},
{"learn":[0.6931297127],"iteration":18,"passed_time":0.07536976364,"remaining_time":1.075010839},
{"learn":[0.6931295892],"iteration":19,"passed_time":0.07950376745,"remaining_time":1.073300861},
{"learn":[0.6931254151],"iteration":20,"passed_time":0.08396696613,"remaining_time":1.075576852},
{"learn":[0.6931239363],"iteration":21,"passed_time":0.08788726796,"remaining_time":1.070626719},
{"learn":[0.6931236982],"iteration":22,"passed_time":0.09205029508,"remaining_time":1.06858386},
{"learn":[0.6931234183],"iteration":23,"passed_time":0.09580222595,"remaining_time":1.061808004},
{"learn":[0.6931234002],"iteration":24,"passed_time":0.09938348515,"remaining_time":1.053464943},
{"learn":[0.6931231667],"iteration":25,"passed_time":0.1030954619,"remaining_time":1.046815459},
{"learn":[0.6931216985],"iteration":26,"passed_time":0.1068595254,"remaining_time":1.040890932},
{"learn":[0.6931202903],"iteration":27,"passed_time":0.1113134018,"remaining_time":1.041575402},
{"learn":[0.6931189883],"iteration":28,"passed_time":0.1151254919,"remaining_time":1.036129427},
{"learn":[0.6931181596],"iteration":29,"passed_time":0.1194453802,"remaining_time":1.035193295},
{"learn":[0.6931178074],"iteration":30,"passed_time":0.125908784,"remaining_time":1.051947583},
{"learn":[0.6931150581],"iteration":31,"passed_time":0.1299694579,"remaining_time":1.047878755},
{"learn":[0.6931128619],"iteration":32,"passed_time":0.1338356371,"remaining_time":1.04229572},
{"learn":[0.693112494],"iteration":33,"passed_time":0.1375773828,"remaining_time":1.035876765},
{"learn":[0.693110799],"iteration":34,"passed_time":0.1414061948,"remaining_time":1.030245133},
{"learn":[0.6931105195],"iteration":35,"passed_time":0.1451345441,"remaining_time":1.024004839},
{"learn":[0.6931104257],"iteration":36,"passed_time":0.1488190932,"remaining_time":1.017600826},
{"learn":[0.6931096268],"iteration":37,"passed_time":0.1532404294,"remaining_time":1.016226006},
{"learn":[0.693109619],"iteration":38,"passed_time":0.1567793022,"remaining_time":1.009015509},
{"learn":[0.6931092989],"iteration":39,"passed_time":0.1607098688,"remaining_time":1.00443668},
{"learn":[0.6931086328],"iteration":40,"passed_time":0.164432988,"remaining_time":0.9986296103},
{"learn":[0.6931085373],"iteration":41,"passed_time":0.1683030366,"remaining_time":0.9937893592},
{"learn":[0.6931079979],"iteration":42,"passed_time":0.1722065171,"remaining_time":0.9891862725},
{"learn":[0.6931079404],"iteration":43,"passed_time":0.1757960712,"remaining_time":0.9828598525},
{"learn":[0.6931079073],"iteration":44,"passed_time":0.1796716375,"remaining_time":0.9782122489},
{"learn":[0.6931078585],"iteration":45,"passed_time":0.1835633029,"remaining_time":0.9736836067},
{"learn":[0.6931072064],"iteration":46,"passed_time":0.1875970499,"remaining_time":0.9699166622},
{"learn":[0.6931047599],"iteration":47,"passed_time":0.1924105122,"remaining_time":0.9700696658},
{"learn":[0.6931031617],"iteration":48,"passed_time":0.1962620247,"remaining_time":0.9652887337},
{"learn":[0.6931030837],"iteration":49,"passed_time":0.200089584,"remaining_time":0.960430003},
{"learn":[0.6931028803],"iteration":50,"passed_time":0.2040710599,"remaining_time":0.956333006},
{"learn":[0.6931023226],"iteration":51,"passed_time":0.2081246639,"remaining_time":0.952570577},
{"learn":[0.6931022579],"iteration":52,"passed_time":0.2114055738,"remaining_time":0.9453419054},
{"learn":[0.6931022115],"iteration":53,"passed_time":0.2147226296,"remaining_time":0.9384174182},
{"learn":[0.6931022111],"iteration":54,"passed_time":0.2184501006,"remaining_time":0.9333777024},
{"learn":[0.693101754],"iteration":55,"passed_time":0.2224439123,"remaining_time":0.9294977762},
{"learn":[0.6931015378],"iteration":56,"passed_time":0.2264538063,"remaining_time":0.9256795943},
{"learn":[0.6931011461],"iteration":57,"passed_time":0.2304580801,"remaining_time":0.9218323205},
{"learn":[0.6931005058],"iteration":58,"passed_time":0.2342602056,"remaining_time":0.9171882626},
{"learn":[0.6930996972],"iteration":59,"passed_time":0.2384401415,"remaining_time":0.9140205424},
{"learn":[0.693099192],"iteration":60,"passed_time":0.2428737722,"remaining_time":0.9117720301},
{"learn":[0.6930991811],"iteration":61,"passed_time":0.2466093655,"remaining_time":0.9068860538},
{"learn":[0.6930984603],"iteration":62,"passed_time":0.250337727,"remaining_time":0.9020105403},
{"learn":[0.6930984591],"iteration":63,"passed_time":0.25379874,"remaining_time":0.8962268007},
{"learn":[0.6930982855],"iteration":64,"passed_time":0.2577749286,"remaining_time":0.8922978299},
{"learn":[0.6930978363],"iteration":65,"passed_time":0.2613883098,"remaining_time":0.8871360819},
{"learn":[0.6930976352],"iteration":66,"passed_time":0.2649464621,"remaining_time":0.8818367321},
{"learn":[0.6930976281],"iteration":67,"passed_time":0.2681634485,"remaining_time":0.8754747876},
{"learn":[0.693096247],"iteration":68,"passed_time":0.2721335308,"remaining_time":0.8716160913},
{"learn":[0.6930950575],"iteration":69,"passed_time":0.2763636336,"remaining_time":0.8685714199},
{"learn":[0.6930947974],"iteration":70,"passed_time":0.2802862494,"remaining_time":0.8645449102},
{"learn":[0.6930940716],"iteration":71,"passed_time":0.2841476568,"remaining_time":0.860335961},
{"learn":[0.6930938526],"iteration":72,"passed_time":0.2879798577,"remaining_time":0.856049714},
{"learn":[0.693092426],"iteration":73,"passed_time":0.2917867811,"remaining_time":0.8517019556},
{"learn":[0.6930917034],"iteration":74,"passed_time":0.2960870082,"remaining_time":0.8487827569},
{"learn":[0.693090182],"iteration":75,"passed_time":0.2998818573,"remaining_time":0.8444041771},
{"learn":[0.6930901809],"iteration":76,"passed_time":0.3036148018,"remaining_time":0.8398695166},
{"learn":[0.6930892842],"iteration":77,"passed_time":0.3076877362,"remaining_time":0.8362794882},
{"learn":[0.6930878788],"iteration":78,"passed_time":0.3117068759,"remaining_time":0.8325335546},
{"learn":[0.6930876283],"iteration":79,"passed_time":0.3155776454,"remaining_time":0.8283913192},
{"learn":[0.6930869439],"iteration":80,"passed_time":0.3193547954,"remaining_time":0.8240142253},
{"learn":[0.6930869321],"iteration":81,"passed_time":0.3239377307,"remaining_time":0.8216957072},
{"learn":[0.6930869295],"iteration":82,"passed_time":0.3275623167,"remaining_time":0.8169325248},
{"learn":[0.6930864921],"iteration":83,"passed_time":0.3314162173,"remaining_time":0.8127588186},
{"learn":[0.6930864681],"iteration":84,"passed_time":0.334827875,"remaining_time":0.8075260514},
{"learn":[0.6930853984],"iteration":85,"passed_time":0.33856935,"remaining_time":0.803117993},
{"learn":[0.6930851332],"iteration":86,"passed_time":0.3421507051,"remaining_time":0.7983516452},
{"learn":[0.6930848376],"iteration":87,"passed_time":0.3459265733,"remaining_time":0.7940587251},
{"learn":[0.6930848358],"iteration":88,"passed_time":0.3490645515,"remaining_time":0.7883367962},
{"learn":[0.6930845921],"iteration":89,"passed_time":0.3537923685,"remaining_time":0.7862052633},
{"learn":[0.693082882],"iteration":90,"passed_time":0.3576547782,"remaining_time":0.7821241853},
{"learn":[0.6930828451],"iteration":91,"passed_time":0.3622131776,"remaining_time":0.7795457518},
{"learn":[0.6930814485],"iteration":92,"passed_time":0.3673432667,"remaining_time":0.778135737},
{"learn":[0.6930814259],"iteration":93,"passed_time":0.3710614645,"remaining_time":0.773702628},
{"learn":[0.6930804546],"iteration":94,"passed_time":0.3748304494,"remaining_time":0.7693888172},
{"learn":[0.6930804526],"iteration":95,"passed_time":0.3770974389,"remaining_time":0.7620510744},
{"learn":[0.6930789446],"iteration":96,"passed_time":0.3809414415,"remaining_time":0.7579556517},
{"learn":[0.6930773551],"iteration":97,"passed_time":0.3848565914,"remaining_time":0.7540047505},
{"learn":[0.6930770844],"iteration":98,"passed_time":0.3886118271,"remaining_time":0.7497460503},
{"learn":[0.6930766437],"iteration":99,"passed_time":0.3933280181,"remaining_time":0.7473232344},
{"learn":[0.6930765839],"iteration":100,"passed_time":0.3970743534,"remaining_time":0.7430401267},
{"learn":[0.693075604],"iteration":101,"passed_time":0.4014744435,"remaining_time":0.7399725037},
{"learn":[0.6930748259],"iteration":102,"passed_time":0.4052419774,"remaining_time":0.7357305803},
{"learn":[0.693074469],"iteration":103,"passed_time":0.4090089721,"remaining_time":0.7314968155},
{"learn":[0.6930737708],"iteration":104,"passed_time":0.4129321746,"remaining_time":0.7275471648},
{"learn":[0.6930731056],"iteration":105,"passed_time":0.4167431116,"remaining_time":0.7234031371},
{"learn":[0.6930722292],"iteration":106,"passed_time":0.4207592038,"remaining_time":0.7196162084},
{"learn":[0.6930711493],"iteration":107,"passed_time":0.4247827321,"remaining_time":0.715837567},
{"learn":[0.6930676309],"iteration":108,"passed_time":0.4285589591,"remaining_time":0.7116437761},
{"learn":[0.6930660765],"iteration":109,"passed_time":0.4326591483,"remaining_time":0.7079876972},
{"learn":[0.6930660299],"iteration":110,"passed_time":0.4361478571,"remaining_time":0.7033375353},
{"learn":[0.6930658144],"iteration":111,"passed_time":0.4402968646,"remaining_time":0.699757517},
{"learn":[0.6930656834],"iteration":112,"passed_time":0.4438819475,"remaining_time":0.6952841125},
{"learn":[0.6930655364],"iteration":113,"passed_time":0.4477512634,"remaining_time":0.6912651084},
{"learn":[0.6930651503],"iteration":114,"passed_time":0.4515093256,"remaining_time":0.6870794086},
{"learn":[0.6930650564],"iteration":115,"passed_time":0.4549245522,"remaining_time":0.6823868283},
{"learn":[0.6930650383],"iteration":116,"passed_time":0.4582151236,"remaining_time":0.677531764},
{"learn":[0.6930631288],"iteration":117,"passed_time":0.4621675729,"remaining_time":0.6736679876},
{"learn":[0.6930612524],"iteration":118,"passed_time":0.4660881045,"remaining_time":0.669756856},
{"learn":[0.6930596404],"iteration":119,"passed_time":0.470036754,"remaining_time":0.6658854015},
{"learn":[0.6930595313],"iteration":120,"passed_time":0.4743945495,"remaining_time":0.6625841228},
{"learn":[0.6930594967],"iteration":121,"passed_time":0.4781628426,"remaining_time":0.6584537505},
{"learn":[0.6930594706],"iteration":122,"passed_time":0.4815254824,"remaining_time":0.6537785005},
{"learn":[0.6930592085],"iteration":123,"passed_time":0.4851485329,"remaining_time":0.649473036},
{"learn":[0.6930591545],"iteration":124,"passed_time":0.4887135869,"remaining_time":0.6451019347},
{"learn":[0.6930585931],"iteration":125,"passed_time":0.4924151174,"remaining_time":0.6409212639},
{"learn":[0.6930578611],"iteration":126,"passed_time":0.4963477823,"remaining_time":0.6370447915},
{"learn":[0.6930577761],"iteration":127,"passed_time":0.4996869494,"remaining_time":0.6324162953},
{"learn":[0.6930551999],"iteration":128,"passed_time":0.5039440894,"remaining_time":0.6289534759},
{"learn":[0.6930549459],"iteration":129,"passed_time":0.5078454388,"remaining_time":0.62504054},
{"learn":[0.693054292],"iteration":130,"passed_time":0.5117991337,"remaining_time":0.621191315},
{"learn":[0.6930533354],"iteration":131,"passed_time":0.5160706193,"remaining_time":0.6177208927},
{"learn":[0.6930524212],"iteration":132,"passed_time":0.5198421483,"remaining_time":0.6136482502},
{"learn":[0.6930501048],"iteration":133,"passed_time":0.5237172684,"remaining_time":0.6097007006},
{"learn":[0.69304988],"iteration":134,"passed_time":0.5274962826,"remaining_time":0.60564388},
{"learn":[0.6930493531],"iteration":135,"passed_time":0.5313751172,"remaining_time":0.6017041769},
{"learn":[0.6930481286],"iteration":136,"passed_time":0.5354809035,"remaining_time":0.5980188192},
{"learn":[0.6930463006],"iteration":137,"passed_time":0.5393079067,"remaining_time":0.594020303},
{"learn":[0.6930451595],"iteration":138,"passed_time":0.5436295499,"remaining_time":0.5905615974},
{"learn":[0.6930450818],"iteration":139,"passed_time":0.5477639,"remaining_time":0.5868898928},
{"learn":[0.6930442232],"iteration":140,"passed_time":0.5515568547,"remaining_time":0.5828508607},
{"learn":[0.6930441406],"iteration":141,"passed_time":0.5551584681,"remaining_time":0.5786158681},
{"learn":[0.6930435836],"iteration":142,"passed_time":0.5589498618,"remaining_time":0.574584823},
{"learn":[0.6930430211],"iteration":143,"passed_time":0.5628331054,"remaining_time":0.5706502319},
{"learn":[0.6930428202],"iteration":144,"passed_time":0.5663712679,"remaining_time":0.5663712679},
{"learn":[0.6930423052],"iteration":145,"passed_time":0.5702335545,"remaining_time":0.5624221359},
{"learn":[0.693042303],"iteration":146,"passed_time":0.5737214962,"remaining_time":0.5581100269},
{"learn":[0.6930412315],"iteration":147,"passed_time":0.5782768471,"remaining_time":0.5548331911},
{"learn":[0.6930389599],"iteration":148,"passed_time":0.5821364465,"remaining_time":0.5508807984},
{"learn":[0.6930387273],"iteration":149,"passed_time":0.5858954992,"remaining_time":0.5468357993},
{"learn":[0.6930382109],"iteration":150,"passed_time":0.5896895418,"remaining_time":0.5428267968},
{"learn":[0.6930372416],"iteration":151,"passed_time":0.5938361211,"remaining_time":0.5391406889},
{"learn":[0.6930360436],"iteration":152,"passed_time":0.5977264737,"remaining_time":0.53521913},
{"learn":[0.6930358874],"iteration":153,"passed_time":0.6016837124,"remaining_time":0.5313570447},
{"learn":[0.6930355032],"iteration":154,"passed_time":0.609515343,"remaining_time":0.530868202},
{"learn":[0.6930354942],"iteration":155,"passed_time":0.6155091412,"remaining_time":0.52870657},
{"learn":[0.6930354874],"iteration":156,"passed_time":0.619415713,"remaining_time":0.5247279607},
{"learn":[0.6930352674],"iteration":157,"passed_time":0.6245130281,"remaining_time":0.5217450614},
{"learn":[0.6930350017],"iteration":158,"passed_time":0.6282373576,"remaining_time":0.5176043638},
{"learn":[0.6930347334],"iteration":159,"passed_time":0.6321581299,"remaining_time":0.5136284806},
{"learn":[0.6930340925],"iteration":160,"passed_time":0.6357807361,"remaining_time":0.5094143786},
{"learn":[0.6930334271],"iteration":161,"passed_time":0.6395244797,"remaining_time":0.5053032926},
{"learn":[0.6930327618],"iteration":162,"passed_time":0.6452657885,"remaining_time":0.502753099},
{"learn":[0.6930324481],"iteration":163,"passed_time":0.6490437926,"remaining_time":0.4986555968},
{"learn":[0.6930310268],"iteration":164,"passed_time":0.6530976655,"remaining_time":0.4947709587},
{"learn":[0.693031026],"iteration":165,"passed_time":0.6556822501,"remaining_time":0.489786741},
{"learn":[0.6930295457],"iteration":166,"passed_time":0.6602820838,"remaining_time":0.4863155468},
{"learn":[0.6930289595],"iteration":167,"passed_time":0.6653408572,"remaining_time":0.4831641939},
{"learn":[0.6930274678],"iteration":168,"passed_time":0.6746816103,"remaining_time":0.4830560642},
{"learn":[0.6930274677],"iteration":169,"passed_time":0.6771736047,"remaining_time":0.4780048974},
{"learn":[0.6930261297],"iteration":170,"passed_time":0.6816049229,"remaining_time":0.4743332504},
{"learn":[0.6930248356],"iteration":171,"passed_time":0.6857477891,"remaining_time":0.4704548786},
{"learn":[0.6930237453],"iteration":172,"passed_time":0.6896782068,"remaining_time":0.4664297699},
{"learn":[0.6930227918],"iteration":173,"passed_time":0.6946910827,"remaining_time":0.4631273885},
{"learn":[0.6930222208],"iteration":174,"passed_time":0.7052277179,"remaining_time":0.4634353574},
{"learn":[0.693019569],"iteration":175,"passed_time":0.7156465646,"remaining_time":0.4635437975},
{"learn":[0.6930195115],"iteration":176,"passed_time":0.7205545392,"remaining_time":0.4600150448},
{"learn":[0.6930189873],"iteration":177,"passed_time":0.7244432168,"remaining_time":0.4558294398},
{"learn":[0.6930183123],"iteration":178,"passed_time":0.7282989623,"remaining_time":0.4516267308},
{"learn":[0.6930169286],"iteration":179,"passed_time":0.7342389133,"remaining_time":0.4487015581},
{"learn":[0.6930167454],"iteration":180,"passed_time":0.7402001731,"remaining_time":0.4457559053},
{"learn":[0.6930166699],"iteration":181,"passed_time":0.7458931573,"remaining_time":0.4426179175},
{"learn":[0.6930166059],"iteration":182,"passed_time":0.7499369014,"remaining_time":0.4384876965},
{"learn":[0.6930162141],"iteration":183,"passed_time":0.7537118887,"remaining_time":0.434203588},
{"learn":[0.6930153644],"iteration":184,"passed_time":0.7576331681,"remaining_time":0.4300080143},
{"learn":[0.6930151853],"iteration":185,"passed_time":0.7613870611,"remaining_time":0.4257217976},
{"learn":[0.6930148612],"iteration":186,"passed_time":0.7652066983,"remaining_time":0.4214774862},
{"learn":[0.6930141444],"iteration":187,"passed_time":0.7697445515,"remaining_time":0.417627363},
{"learn":[0.6930122856],"iteration":188,"passed_time":0.7735757128,"remaining_time":0.4133923121},
{"learn":[0.6930121496],"iteration":189,"passed_time":0.778478455,"remaining_time":0.4097255026},
{"learn":[0.6930120815],"iteration":190,"passed_time":0.7840733179,"remaining_time":0.4064044946},
{"learn":[0.6930112638],"iteration":191,"passed_time":0.7910963467,"remaining_time":0.4037887603},
{"learn":[0.693011214],"iteration":192,"passed_time":0.7948131627,"remaining_time":0.3994656828},
{"learn":[0.6930111588],"iteration":193,"passed_time":0.7994585236,"remaining_time":0.3956083416},
{"learn":[0.6930110791],"iteration":194,"passed_time":0.8030857986,"remaining_time":0.3912469275},
{"learn":[0.6930107005],"iteration":195,"passed_time":0.8087580939,"remaining_time":0.3878737797},
{"learn":[0.6930092782],"iteration":196,"passed_time":0.8126351478,"remaining_time":0.3836297906},
{"learn":[0.6930082677],"iteration":197,"passed_time":0.8170356395,"remaining_time":0.3796327214},
{"learn":[0.6930066192],"iteration":198,"passed_time":0.8208445406,"remaining_time":0.3753610713},
{"learn":[0.6930066153],"iteration":199,"passed_time":0.8239969012,"remaining_time":0.3707986056},
{"learn":[0.6930063092],"iteration":200,"passed_time":0.8275569899,"remaining_time":0.366430707},
{"learn":[0.6930048572],"iteration":201,"passed_time":0.8312666497,"remaining_time":0.3621359662},
{"learn":[0.6930046903],"iteration":202,"passed_time":0.8354364226,"remaining_time":0.3580441811},
{"learn":[0.693004286],"iteration":203,"passed_time":0.8391195722,"remaining_time":0.3537464863},
{"learn":[0.6930038455],"iteration":204,"passed_time":0.8428887068,"remaining_time":0.3494904394},
{"learn":[0.6930028559],"iteration":205,"passed_time":0.8477620176,"remaining_time":0.3456893664},
{"learn":[0.6930016559],"iteration":206,"passed_time":0.8516864219,"remaining_time":0.3414974542},
{"learn":[0.6930006389],"iteration":207,"passed_time":0.8558631455,"remaining_time":0.3374075862},
{"learn":[0.6929968523],"iteration":208,"passed_time":0.8597233275,"remaining_time":0.3331942083},
{"learn":[0.6929953702],"iteration":209,"passed_time":0.8635246638,"remaining_time":0.3289617767},
{"learn":[0.6929930568],"iteration":210,"passed_time":0.8675421946,"remaining_time":0.3248143762},
{"learn":[0.6929930364],"iteration":211,"passed_time":0.8711443585,"remaining_time":0.3205153772},
{"learn":[0.6929910094],"iteration":212,"passed_time":0.875540189,"remaining_time":0.3165098336},
{"learn":[0.6929902767],"iteration":213,"passed_time":0.8796478341,"remaining_time":0.3123982962},
{"learn":[0.6929891299],"iteration":214,"passed_time":0.8834836503,"remaining_time":0.308191971},
{"learn":[0.6929884154],"iteration":215,"passed_time":0.8873011837,"remaining_time":0.3039828129},
{"learn":[0.6929870063],"iteration":216,"passed_time":0.8910220063,"remaining_time":0.2997447302},
{"learn":[0.6929863913],"iteration":217,"passed_time":0.895915462,"remaining_time":0.2958986847},
{"learn":[0.6929859747],"iteration":218,"passed_time":0.8998460398,"remaining_time":0.2917309079},
{"learn":[0.6929859237],"iteration":219,"passed_time":0.9032427047,"remaining_time":0.2873954061},
{"learn":[0.6929851793],"iteration":220,"passed_time":0.907046837,"remaining_time":0.2831956188},
{"learn":[0.6929840048],"iteration":221,"passed_time":0.9108100239,"remaining_time":0.2789868542},
{"learn":[0.692983821],"iteration":222,"passed_time":0.9149937577,"remaining_time":0.2749084384},
{"learn":[0.6929831975],"iteration":223,"passed_time":0.9188442409,"remaining_time":0.2707308924},
{"learn":[0.6929801121],"iteration":224,"passed_time":0.9228164875,"remaining_time":0.2665914297},
{"learn":[0.6929785082],"iteration":225,"passed_time":0.927235821,"remaining_time":0.2625800555},
{"learn":[0.6929775705],"iteration":226,"passed_time":0.931094039,"remaining_time":0.2584093588},
{"learn":[0.6929772256],"iteration":227,"passed_time":0.9349971806,"remaining_time":0.2542536193},
{"learn":[0.6929771841],"iteration":228,"passed_time":0.9385414383,"remaining_time":0.2500044879},
{"learn":[0.6929757032],"iteration":229,"passed_time":0.9423897455,"remaining_time":0.2458408032},
{"learn":[0.6929745845],"iteration":230,"passed_time":0.9462199068,"remaining_time":0.2416752143},
{"learn":[0.692974482],"iteration":231,"passed_time":0.9496460545,"remaining_time":0.2374115136},
{"learn":[0.692973914],"iteration":232,"passed_time":0.9538832593,"remaining_time":0.2333534154},
{"learn":[0.6929733301],"iteration":233,"passed_time":0.9582877498,"remaining_time":0.2293338205},
{"learn":[0.6929730391],"iteration":234,"passed_time":0.962382745,"remaining_time":0.2252385148},
{"learn":[0.6929729551],"iteration":235,"passed_time":0.9658715401,"remaining_time":0.2210045049},
{"learn":[0.6929724272],"iteration":236,"passed_time":0.9707672135,"remaining_time":0.2170914022},
{"learn":[0.6929703751],"iteration":237,"passed_time":0.9745909137,"remaining_time":0.2129358299},
{"learn":[0.6929696574],"iteration":238,"passed_time":0.9783930779,"remaining_time":0.2087784392},
{"learn":[0.692967779],"iteration":239,"passed_time":0.9826114007,"remaining_time":0.2047107085},
{"learn":[0.6929677787],"iteration":240,"passed_time":0.9850735468,"remaining_time":0.200284663},
{"learn":[0.6929657158],"iteration":241,"passed_time":0.989136125,"remaining_time":0.1961922893},
{"learn":[0.6929649223],"iteration":242,"passed_time":0.9929576377,"remaining_time":0.1920535349},
{"learn":[0.692964856],"iteration":243,"passed_time":0.9965782905,"remaining_time":0.1878795138},
{"learn":[0.6929633282],"iteration":244,"passed_time":1.001824114,"remaining_time":0.1840085107},
{"learn":[0.692962351],"iteration":245,"passed_time":1.005629706,"remaining_time":0.1798687279},
{"learn":[0.6929615753],"iteration":246,"passed_time":1.009616074,"remaining_time":0.1757631221},
{"learn":[0.6929604175],"iteration":247,"passed_time":1.013536041,"remaining_time":0.1716472328},
{"learn":[0.692959736],"iteration":248,"passed_time":1.017334765,"remaining_time":0.1675129532},
{"learn":[0.6929596967],"iteration":249,"passed_time":1.021181227,"remaining_time":0.1633889963},
{"learn":[0.6929596965],"iteration":250,"passed_time":1.024413027,"remaining_time":0.1591717452},
{"learn":[0.6929592376],"iteration":251,"passed_time":1.028632148,"remaining_time":0.1551111969},
{"learn":[0.6929565273],"iteration":252,"passed_time":1.033065793,"remaining_time":0.1510807682},
{"learn":[0.6929560135],"iteration":253,"passed_time":1.036837564,"remaining_time":0.1469533555},
{"learn":[0.6929537689],"iteration":254,"passed_time":1.040895757,"remaining_time":0.1428680451},
{"learn":[0.6929532618],"iteration":255,"passed_time":1.044688536,"remaining_time":0.1387476962},
{"learn":[0.6929525512],"iteration":256,"passed_time":1.049990325,"remaining_time":0.1348236604},
{"learn":[0.6929525235],"iteration":257,"passed_time":1.052699815,"remaining_time":0.1305674189},
{"learn":[0.6929499716],"iteration":258,"passed_time":1.056540566,"remaining_time":0.1264585233},
{"learn":[0.6929491255],"iteration":259,"passed_time":1.060536004,"remaining_time":0.1223695389},
{"learn":[0.692945926],"iteration":260,"passed_time":1.064348817,"remaining_time":0.1182609797},
{"learn":[0.6929428797],"iteration":261,"passed_time":1.068814316,"remaining_time":0.1142244307},
{"learn":[0.6929412668],"iteration":262,"passed_time":1.072581117,"remaining_time":0.1101128903},
{"learn":[0.6929403277],"iteration":263,"passed_time":1.076900648,"remaining_time":0.1060583972},
{"learn":[0.6929376737],"iteration":264,"passed_time":1.080766336,"remaining_time":0.1019590883},
{"learn":[0.6929373243],"iteration":265,"passed_time":1.084511426,"remaining_time":0.09785065501},
{"learn":[0.6929372795],"iteration":266,"passed_time":1.088301116,"remaining_time":0.09374878531},
{"learn":[0.6929363647],"iteration":267,"passed_time":1.095424783,"remaining_time":0.08992292995},
{"learn":[0.6929362922],"iteration":268,"passed_time":1.099388736,"remaining_time":0.08582588643},
{"learn":[0.6929346654],"iteration":269,"passed_time":1.103161119,"remaining_time":0.08171563846},
{"learn":[0.6929317196],"iteration":270,"passed_time":1.107208889,"remaining_time":0.07762719148},
{"learn":[0.6929312546],"iteration":271,"passed_time":1.110951655,"remaining_time":0.0735188595},
{"learn":[0.6929251286],"iteration":272,"passed_time":1.114701515,"remaining_time":0.06941364743},
{"learn":[0.6929232457],"iteration":273,"passed_time":1.118747301,"remaining_time":0.06532830952},
{"learn":[0.6929224684],"iteration":274,"passed_time":1.123072602,"remaining_time":0.06125850558},
{"learn":[0.6929201683],"iteration":275,"passed_time":1.127804108,"remaining_time":0.05720745473},
{"learn":[0.6929183505],"iteration":276,"passed_time":1.132178192,"remaining_time":0.05313471661},
{"learn":[0.6929182074],"iteration":277,"passed_time":1.135821902,"remaining_time":0.04902828353},
{"learn":[0.6929175345],"iteration":278,"passed_time":1.139672544,"remaining_time":0.04493332611},
{"learn":[0.6929138325],"iteration":279,"passed_time":1.144558086,"remaining_time":0.04087707449},
{"learn":[0.6929129768],"iteration":280,"passed_time":1.148397346,"remaining_time":0.03678140965},
{"learn":[0.6929095979],"iteration":281,"passed_time":1.152253091,"remaining_time":0.03268803096},
{"learn":[0.6929081493],"iteration":282,"passed_time":1.156204625,"remaining_time":0.02859870096},
{"learn":[0.6929081391],"iteration":283,"passed_time":1.160617375,"remaining_time":0.02452008538},
{"learn":[0.6929008017],"iteration":284,"passed_time":1.164608953,"remaining_time":0.02043173602},
{"learn":[0.6928992133],"iteration":285,"passed_time":1.168851135,"remaining_time":0.01634756832},
{"learn":[0.6928976137],"iteration":286,"passed_time":1.172718964,"remaining_time":0.01225838638},
{"learn":[0.6928970898],"iteration":287,"passed_time":1.17664986,"remaining_time":0.008171179584},
{"learn":[0.6928960213],"iteration":288,"passed_time":1.180377203,"remaining_time":0.004084350182},
{"learn":[0.6928948895],"iteration":289,"passed_time":1.184386117,"remaining_time":0}
]}