.pred_0,.pred_1
0.5722351104842083,0.42776488951579167
0.44711458650797686,0.5528854134920231
0.5679205651410181,0.4320794348589819
0.18457321290960016,0.8154267870903998
0.40062994003740116,0.5993700599625988
0.6915399231868449,0.3084600768131552
0.0313936298764631,0.9686063701235369
0.6332365386506456,0.3667634613493544
0.13670762555111493,0.8632923744488851
0.8072791577122944,0.19272084228770558
0.1873507639810158,0.8126492360189842
0.7511777933174365,0.2488222066825635
0.5637897805819567,0.43621021941804333
0.695232333316712,0.30476766668328803
0.6894344503108925,0.3105655496891075
0.6254736987987191,0.3745263012012809
0.6665081241763339,0.33349187582366613
0.05014176464823905,0.949858235351761
0.16581757437499745,0.8341824256250026
0.2699236817450672,0.7300763182549328
0.12961792849777598,0.870382071502224
0.45505699521107956,0.5449430047889204
0.11542111142594613,0.8845788885740539
0.5630169130040835,0.4369830869959165
0.25041968261532743,0.7495803173846726
0.6621452276504852,0.3378547723495148
0.05461169169981617,0.9453883083001838
0.6418207158215392,0.3581792841784608
0.08616709184001492,0.9138329081599851
0.6865602679688567,0.31343973203114334
0.49640236346625244,0.5035976365337476
0.3714086474716345,0.6285913525283655
0.7239713118589697,0.2760286881410304
0.14914804021702954,0.8508519597829705
0.6974835987447113,0.30251640125528867
0.3273448898011978,0.6726551101988022
0.6802112723328977,0.3197887276671023
0.10913680262480085,0.8908631973751991
0.3780124963640491,0.6219875036359509
0.3769230765073365,0.6230769234926635
0.39167254769259663,0.6083274523074034
0.1750468622331277,0.8249531377668723
0.6323378603876768,0.3676621396123232
0.2281085679383239,0.7718914320616761
0.4202258496964246,0.5797741503035754
0.038710121496794425,0.9612898785032056
0.425137361543082,0.574862638456918
0.20415526203147416,0.7958447379685258
0.05512011890915891,0.9448798810908411
0.3013478775065047,0.6986521224934953
0.2908885968094037,0.7091114031905963
0.7798892942507021,0.22011070574929786
0.6885593718633665,0.3114406281366335
0.6526112185047728,0.34738878149522723
0.3642405221857187,0.6357594778142813
0.491240651689986,0.508759348310014
0.04044790142825583,0.9595520985717442
0.5564821878417598,0.4435178121582402
0.5009566135833194,0.4990433864166806
0.541537454301193,0.458462545698807
0.7409810835250583,0.2590189164749417
0.06428163016886246,0.9357183698311375
0.5711148508631785,0.4288851491368215
0.7023650839832545,0.2976349160167456
0.39785523102333475,0.6021447689766652
0.709079044455448,0.29092095554455205
0.1913136132620844,0.8086863867379156
0.6928978100644979,0.3071021899355021
0.5234512263184966,0.4765487736815034
0.06327057462490326,0.9367294253750967
0.476960388851972,0.523039611148028
0.6973922150117413,0.30260778498825874
0.6396803110227123,0.3603196889772877
0.5639523982269509,0.43604760177304913
0.5866502687322582,0.41334973126774177
0.24679921489480172,0.7532007851051983
0.47976594893455016,0.5202340510654498
0.5431374344188324,0.4568625655811676
0.07543053245345599,0.924569467546544
0.029776064958631387,0.9702239350413686
0.533009579598421,0.466990420401579
0.465562692561002,0.534437307438998
0.06618963648836951,0.9338103635116305
0.5981889935932455,0.4018110064067545
0.03733176587729292,0.9626682341227071
0.6086400402198903,0.39135995978010973
0.4734204806021729,0.5265795193978271
0.7761653255530724,0.22383467444692765
0.564830266743862,0.43516973325613795
0.6370355567476869,0.3629644432523132
0.14094237298936574,0.8590576270106343
0.18262041179921862,0.8173795882007814
0.5509187374073119,0.44908126259268816
0.6299587077180562,0.3700412922819439
0.6649439805645242,0.3350560194354758
0.26418953295852166,0.7358104670414783
0.5771099327555536,0.42289006724444644
0.05315160204915126,0.9468483979508487
0.6370155197254554,0.3629844802745446
0.6323018341912321,0.36769816580876796
0.6944568768173531,0.3055431231826468
0.6444443778320889,0.35555562216791115
0.5528358178025891,0.44716418219741094
0.6171920527209125,0.38280794727908746
0.09020176104978372,0.9097982389502163
0.6617383859997987,0.3382616140002013
0.5061886115744545,0.4938113884255455
0.21288576825154282,0.7871142317484572
0.6362918153317877,0.3637081846682123
0.6863735757255415,0.3136264242744585
0.24696026504685986,0.7530397349531401
0.5866322185118937,0.4133677814881063
0.17666757568144265,0.8233324243185574
0.3873065381041241,0.6126934618958759
0.07424803719266404,0.925751962807336
0.7104221565442246,0.2895778434557755
0.32827067285697575,0.6717293271430242
0.4176808430925001,0.5823191569074999
0.08228793759529807,0.9177120624047019
0.6806647228437627,0.31933527715623733
0.6271543308659114,0.37284566913408856
0.14740192521863027,0.8525980747813697
0.6109637741482525,0.3890362258517475
0.49029236911763796,0.509707630882362
0.5009012493673268,0.4990987506326731
0.2936875241143956,0.7063124758856044
0.1938542719180676,0.8061457280819324
0.5337650424657729,0.4662349575342271
0.20906667714507798,0.790933322854922
0.5970368373932062,0.40296316260679377
0.1237609403099098,0.8762390596900902
0.7461451414124518,0.25385485858754814
0.33433138796495643,0.6656686120350436
0.03910471239482416,0.9608952876051758
0.5974841648223161,0.40251583517768386
0.30942596732854877,0.6905740326714512
0.567607402590441,0.43239259740955904
0.6400893535206611,0.3599106464793389
0.7021561535069958,0.29784384649300416
0.08787180622484347,0.9121281937751565
0.38792545547677393,0.6120745445232261
0.06303941742242725,0.9369605825775728
0.7895980965652293,0.21040190343477075
0.036777300996426954,0.963222699003573
0.06898354570816267,0.9310164542918373
0.6570119337657977,0.3429880662342023
0.30056061449384763,0.6994393855061524
0.3962975513914896,0.6037024486085104
0.6489927114022069,0.3510072885977931
0.3356349239069466,0.6643650760930534
0.505845643652626,0.4941543563473741
0.3663920670876991,0.6336079329123009
0.7973871193212441,0.2026128806787559
0.05505172074809528,0.9449482792519047
0.4959409936524185,0.5040590063475815
0.7473032439914931,0.252696756008507
0.7347539619589354,0.26524603804106467
0.18954512026167936,0.8104548797383206
0.5226834182779203,0.4773165817220797
0.665589639980557,0.334410360019443
0.1250732656632455,0.8749267343367545
0.7431251655286575,0.25687483447134246
0.5055112400727444,0.49448875992725566
0.670559262193845,0.32944073780615507
0.31596202903148884,0.6840379709685112
0.08133454984574984,0.9186654501542502
0.0898460393773044,0.9101539606226956
0.25245970758581615,0.7475402924141838
0.38616946409374,0.61383053590626
0.19197785234085907,0.8080221476591409
0.2758816017020115,0.7241183982979885
0.47849736567239876,0.5215026343276012
0.5312356121416597,0.4687643878583403
0.4948514264366455,0.5051485735633545
0.6323223764017118,0.36767762359828815
0.1330742905292316,0.8669257094707684
0.7397165816231286,0.26028341837687136
0.6071607728923366,0.3928392271076634
0.6906481978476757,0.30935180215232433
0.42971765817742413,0.5702823418225759
0.7159393472668167,0.2840606527331833
0.6101903274917173,0.38980967250828275
0.27269827451345396,0.727301725486546
0.6705864757451427,0.3294135242548572
0.8659238360331515,0.1340761639668485
0.2752597694492571,0.7247402305507429
0.018871614281251725,0.9811283857187483
0.5777386938699296,0.4222613061300704
0.7077796337791833,0.29222036622081665
0.4093387096489145,0.5906612903510855
0.6456991552872333,0.3543008447127667
0.598317260115393,0.40168273988460695
0.6349962499455172,0.3650037500544828
0.28198014451376474,0.7180198554862353
0.03214996737109821,0.9678500326289018
0.7117523603019746,0.2882476396980254
0.20779955130340655,0.7922004486965935
0.43587029230614305,0.564129707693857
0.38472957981476386,0.6152704201852361
0.5218367214314457,0.4781632785685544
0.6307979669598576,0.36920203304014243
0.6444490206613619,0.3555509793386381
0.3928891877953733,0.6071108122046267
0.6561723754516786,0.34382762454832133
0.6054894976263849,0.39451050237361507
0.11359710314846116,0.8864028968515388
0.5716501790470025,0.4283498209529975
0.5467001373501725,0.4532998626498274
0.6859521282682091,0.31404787173179094
0.653492735077832,0.346507264922168
0.7461441383260661,0.2538558616739339
0.6667024966273049,0.33329750337269515
0.3489857902354724,0.6510142097645276
0.6754803911712977,0.3245196088287024
0.29690882549099984,0.7030911745090002
0.14100917277026315,0.8589908272297369
0.22480899718644065,0.7751910028135593
0.6662537908149747,0.3337462091850253
0.09585422427537815,0.9041457757246218
0.0987307290156646,0.9012692709843354
0.6742935535105288,0.32570644648947117
0.5916319530558795,0.40836804694412054
0.418465495939328,0.581534504060672
0.1263563065202552,0.8736436934797448
0.6027220204136887,0.3972779795863113
0.667480749838204,0.3325192501617959
0.5130544213510445,0.4869455786489555
0.7024968568244624,0.2975031431755376
0.6587781770367953,0.34122182296320464
0.4996189140812686,0.5003810859187314
0.4612724502337858,0.5387275497662142
0.5822675352678894,0.41773246473211056
0.26954126163274605,0.730458738367254
0.061404626714647415,0.9385953732853526
0.6749618629500975,0.3250381370499025
0.21787861919926255,0.7821213808007375
0.33076876345729245,0.6692312365427076
0.30183972381686397,0.698160276183136
0.3817850109225871,0.6182149890774129
0.6659705565496565,0.33402944345034347
0.24387437031018389,0.7561256296898161
0.6104158478896444,0.3895841521103556
0.03157981455892245,0.9684201854410776
0.6549008588628503,0.3450991411371497
0.3041470322278883,0.6958529677721117
0.03550566882197137,0.9644943311780286
0.12517498785777192,0.8748250121422281
0.7705759926358179,0.22942400736418211
0.5617267552621734,0.4382732447378266
0.11106354509039595,0.888936454909604
0.32562075143298486,0.6743792485670151
0.14749508060329275,0.8525049193967073
0.04632766650045028,0.9536723334995497
0.6724800779864409,0.32751992201355906
0.06210069640236404,0.937899303597636
0.4338757340249175,0.5661242659750825
0.6251935027033679,0.37480649729663207
0.05975230026456513,0.9402476997354349
0.6773853468875655,0.3226146531124346
0.5976929346551342,0.4023070653448658
0.7308712272026157,0.2691287727973843
0.18390231493573184,0.8160976850642682
0.5830738458707476,0.4169261541292523
0.418827615406831,0.581172384593169
0.26845548998281377,0.7315445100171862
0.6896441392873953,0.31035586071260474
0.25399992420234263,0.7460000757976574
0.4487195324606411,0.5512804675393589
0.6103111707370457,0.3896888292629543
0.3651406082646351,0.6348593917353649
0.64368310453715,0.35631689546284995
0.7889660560096117,0.2110339439903883
0.44417491735612824,0.5558250826438718
0.4856436062366233,0.5143563937633767
0.12773906725034467,0.8722609327496553
0.3046799262935662,0.6953200737064338
0.43644500633107886,0.5635549936689211
0.2809803529823991,0.7190196470176009
0.06679709305496262,0.9332029069450374
0.3246809167690342,0.6753190832309658
0.14752239930492694,0.8524776006950731
0.3707713805803108,0.6292286194196892
0.646423561389933,0.3535764386100671
0.10094778641507673,0.8990522135849233
0.7515858967568694,0.2484141032431306
0.1293388500063828,0.8706611499936172
0.5994583543721799,0.4005416456278202
0.1374991285263436,0.8625008714736564
0.27364003642669754,0.7263599635733025
0.17932200668360232,0.8206779933163977
0.4945420273668487,0.5054579726331513
0.6902471863454082,0.30975281365459184
0.22492321035048823,0.7750767896495118
0.5573454850111994,0.4426545149888006
0.46653817192616087,0.5334618280738391
0.6310082924980702,0.36899170750192983
0.17566294038419838,0.8243370596158016
0.06598184784528027,0.9340181521547197
0.3703682811105493,0.6296317188894507
0.6091122969674556,0.39088770303254444
0.2164158589548545,0.7835841410451455
0.5949505947695992,0.4050494052304008
0.61314193284961,0.38685806715038995
0.5061419302110512,0.4938580697889487
0.058231358528874844,0.9417686414711252
0.6647150327637721,0.33528496723622797
0.5704161261601841,0.4295838738398159
0.3934737070935349,0.6065262929064651
0.3369970810402739,0.6630029189597261
0.08873566188217175,0.9112643381178283
0.2504068914750357,0.7495931085249643
0.14051648255526084,0.8594835174447392
0.21838352950222084,0.7816164704977792
0.09173561528820562,0.9082643847117944
0.10785154494898908,0.8921484550510109
0.49667793075778677,0.5033220692422132
0.08238591271617435,0.9176140872838257
0.477932787185251,0.522067212814749
0.40087353162893347,0.5991264683710665
0.07962439989527004,0.92037560010473
0.5971325457015886,0.40286745429841136
0.6524737548131483,0.3475262451868517
0.6903802257888105,0.3096197742111895
0.6804494644475589,0.31955053555244106
0.7136833858228917,0.28631661417710835
0.42195592565501516,0.5780440743449848
0.5360186277146818,0.4639813722853182
0.718819304969518,0.28118069503048204
0.04100862441587527,0.9589913755841247
0.30891238183782666,0.6910876181621733
0.6593351409226897,0.3406648590773102
0.14495292910060287,0.8550470708993971
0.4045769188522128,0.5954230811477872
0.1387066454354483,0.8612933545645517
0.5780903936767853,0.4219096063232147
0.718750504854466,0.28124949514553393
0.4735794975685106,0.5264205024314894
0.5094332655418876,0.49056673445811233
0.1062262697185925,0.8937737302814075
0.22225709187817322,0.7777429081218268
0.23982879044392924,0.7601712095560708
0.671056007500024,0.32894399249997597
0.33403051079247115,0.6659694892075289
0.13122768024924047,0.8687723197507595
0.5987770103724476,0.40122298962755243
0.44638825953943173,0.5536117404605683
0.3741339827625453,0.6258660172374547
0.1539559690983764,0.8460440309016236
0.270347899550925,0.729652100449075
0.5021088486604963,0.49789115133950373
0.23601130883478705,0.763988691165213
0.5300693120917612,0.4699306879082387
0.7452758728475666,0.25472412715243337
0.03517886486684718,0.9648211351331528
0.10096456439116264,0.8990354356088374
0.02284183420476471,0.9771581657952353
0.07344078305905144,0.9265592169409486
0.4738678744539412,0.5261321255460588
0.04918103240580296,0.950818967594197
0.42964460913933245,0.5703553908606676
0.7482187114544518,0.25178128854554815
0.4106753971865976,0.5893246028134024
0.28119164721554646,0.7188083527844535
0.0553136863088427,0.9446863136911573
0.08761476277284808,0.9123852372271519
0.26825040434159253,0.7317495956584075
0.6172767599669325,0.38272324003306746
0.07381459659876233,0.9261854034012377
0.2520872513328237,0.7479127486671763
0.44584073785431555,0.5541592621456845
0.09584178053900994,0.9041582194609901
0.7367217474583576,0.26327825254164244
0.19948153217116127,0.8005184678288387
0.06049634651817659,0.9395036534818234
0.6724955022982875,0.32750449770171247
0.6671534202091419,0.3328465797908581
0.5702418463983323,0.42975815360166775
0.0729079241228332,0.9270920758771668
0.7204417285113563,0.27955827148864365
0.03621813847731847,0.9637818615226815
0.6637777870044133,0.33622221299558674
0.31624801709696815,0.6837519829030319
0.0409780021338737,0.9590219978661263
0.7754584542092688,0.22454154579073116
0.5764511429066353,0.42354885709336465
0.09548237591107633,0.9045176240889237
0.12159666333866481,0.8784033366613352
0.477148409193455,0.522851590806545
0.6771759994451775,0.3228240005548225
0.42795731152596295,0.572042688474037
0.7926481827198918,0.20735181728010824
0.557565997710405,0.44243400228959495
0.24462884448792832,0.7553711555120717
0.5611226094385036,0.43887739056149644
0.5623505750897855,0.4376494249102146
0.037957537273882735,0.9620424627261173
0.5712373939475182,0.4287626060524819
0.5664819431774583,0.43351805682254174
0.6951116561735329,0.3048883438264671
0.56025958795899,0.43974041204101
0.5908315590561126,0.4091684409438874
0.09258862143395441,0.9074113785660456
0.08163462131640342,0.9183653786835966
0.6692837573392989,0.3307162426607011
0.6847631665816454,0.3152368334183546
0.2592403910322819,0.7407596089677181
0.3790411576475591,0.6209588423524409
0.015314646696288015,0.984685353303712
0.7593193116276791,0.2406806883723209
0.46387370569406106,0.5361262943059389
0.6833634259098649,0.31663657409013507
0.5725796481375005,0.4274203518624995
0.5080896186920281,0.49191038130797193
0.1415854769751207,0.8584145230248793
0.4589580980263128,0.5410419019736872
0.08451423879584907,0.9154857612041509
0.0609694455048696,0.9390305544951304
0.09133858350802782,0.9086614164919722
0.3041028014946211,0.6958971985053789
0.5082712950216428,0.4917287049783572
0.03562692096739839,0.9643730790326016
0.042351326291472646,0.9576486737085274
0.5672630435589088,0.43273695644109117
0.3698206390959984,0.6301793609040016
0.3231305925056609,0.6768694074943391
0.031803450885210194,0.9681965491147898
0.6482115493114579,0.35178845068854214
0.6105396106789517,0.3894603893210483
0.16048444913936677,0.8395155508606332
0.25461330656582437,0.7453866934341756
0.5718392912271972,0.4281607087728027
0.5977387351183128,0.4022612648816872
0.5531884987895227,0.4468115012104773
0.320719207866787,0.679280792133213
0.7302962222469473,0.26970377775305265
0.12279195751710625,0.8772080424828937
0.6326020013272805,0.3673979986727195
0.5787108946154658,0.4212891053845342
0.4993392158517297,0.5006607841482703
0.37719773474493246,0.6228022652550675
0.6250667092629429,0.3749332907370571
0.4075123754510761,0.5924876245489239
0.2410233205516723,0.7589766794483277
0.6068266222067547,0.39317337779324535
0.2055099506720477,0.7944900493279523
0.6646005531524484,0.3353994468475516
0.04723186653661193,0.9527681334633881
0.5871725432552539,0.412827456744746
0.3810551404278967,0.6189448595721033
0.6143942655990418,0.38560573440095824
0.6676693673613896,0.33233063263861035
0.4619786803588283,0.5380213196411717
0.0940598599933713,0.9059401400066287
0.5030867679424271,0.4969132320575728
0.6092058019646018,0.39079419803539817
0.31561282912146005,0.68438717087854
0.4121750270675637,0.5878249729324363
0.1620447692702498,0.8379552307297502
0.8444592842203216,0.15554071577967843
0.04346435103682145,0.9565356489631786
0.7645286002934134,0.23547139970658656
0.12095484831056902,0.879045151689431
0.45939459002789196,0.540605409972108
0.521184884044657,0.478815115955343
0.5872542748367522,0.41274572516324776
0.04208604998042087,0.9579139500195791
0.3389096200576318,0.6610903799423682
0.5049740550531405,0.4950259449468594
0.144155531832049,0.855844468167951
0.40118098116810685,0.5988190188318931
0.42585510821798445,0.5741448917820156
0.13925903259761663,0.8607409674023834
0.4734638194243366,0.5265361805756634
0.47861591802199277,0.5213840819780072
0.693530976091367,0.3064690239086329
0.05872317116902581,0.9412768288309742
0.034673814977489115,0.9653261850225109
0.6638960639679166,0.3361039360320834
0.7734485751055926,0.22655142489440735
0.6083279649906408,0.39167203500935915
0.041872178111166614,0.9581278218888334
0.23237889417055624,0.7676211058294438
0.37969752208829266,0.6203024779117073
0.6140917999760702,0.3859082000239298
0.7997025197126809,0.20029748028731906
0.04436851899032179,0.9556314810096782
0.7372239973005004,0.26277600269949963
0.29422270251364757,0.7057772974863524
0.07938552244562602,0.920614477554374
0.45535176936504806,0.5446482306349519
0.34703359731702854,0.6529664026829715
0.24720600943346738,0.7527939905665326
0.5300705088038227,0.4699294911961773
0.6587198259369991,0.34128017406300093
0.4986642002949291,0.5013357997050709
0.23776182007843338,0.7622381799215666
0.34562951490570737,0.6543704850942926
0.5804327550298569,0.419567244970143
0.6363144492934517,0.3636855507065483
0.7218927989465717,0.27810720105342834
0.4211672096507615,0.5788327903492385
0.5829424580284838,0.41705754197151623
0.4378209664276709,0.5621790335723291
0.1697889148021806,0.8302110851978194
0.3282437501018237,0.6717562498981763
0.1763457624870861,0.8236542375129139
0.2287431528819741,0.7712568471180259
0.0860735118002861,0.9139264881997139
0.23306846604219456,0.7669315339578054
0.6608762348306687,0.3391237651693313
0.724007173675193,0.275992826324807
0.6701145964728744,0.3298854035271256
0.09648129369289093,0.9035187063071091
0.051715523088713966,0.948284476911286
0.5099501545653133,0.4900498454346866
0.5868805427525037,0.4131194572474963
0.577192837223266,0.422807162776734
0.6976562350124216,0.30234376498757837
0.21125250542648544,0.7887474945735146
0.34071216545758265,0.6592878345424174
0.3885753467552402,0.6114246532447598
0.4257750348545706,0.5742249651454294
0.2481925363338644,0.7518074636661356
0.25214545620552464,0.7478545437944754
0.4747494744325621,0.5252505255674379
0.679410026711212,0.320589973288788
0.1662231984442577,0.8337768015557423
0.2937350195845303,0.7062649804154697
0.1919660410737536,0.8080339589262464
0.21232863616578868,0.7876713638342113
0.10387996448202874,0.8961200355179713
0.7259874563971984,0.27401254360280164
0.47677753998986294,0.5232224600101371
0.07480329723468093,0.9251967027653191
0.35790637739342357,0.6420936226065764
0.20496926965251783,0.7950307303474822
0.16039543421019498,0.839604565789805
0.6081909075984373,0.3918090924015627
0.12493598853112153,0.8750640114688785
0.4434913465985756,0.5565086534014244
0.40377423601550366,0.5962257639844963
0.3858087837464377,0.6141912162535623
0.6633602105738706,0.3366397894261294
0.3793584172627368,0.6206415827372632
0.38553628146962315,0.6144637185303768
0.1748236965193264,0.8251763034806736
0.6051045747720689,0.39489542522793114
0.3515317370233586,0.6484682629766414
0.6939647149414798,0.3060352850585202
0.053086742884406735,0.9469132571155933
0.7469255037074044,0.2530744962925956
0.583731552809541,0.4162684471904589
0.3347381309076396,0.6652618690923604
0.04637452091301719,0.9536254790869828
0.41518557659809063,0.5848144234019094
0.30879633519913063,0.6912036648008694
0.11613882918113405,0.883861170818866
0.5747528016901178,0.4252471983098823
0.4447031108043886,0.5552968891956114
0.7843183233582349,0.21568167664176507
0.08553942245800761,0.9144605775419924
0.10863435103826857,0.8913656489617314
0.16166993436505284,0.8383300656349472
0.033706664555105514,0.9662933354448945
0.3153190789541036,0.6846809210458964
0.6553393435260095,0.34466065647399047
0.5767706535716988,0.4232293464283013
0.7402113428430096,0.2597886571569904
0.5132089215621446,0.4867910784378554
0.29382123412031724,0.7061787658796828
0.03417848171521054,0.9658215182847895
0.5042439179973071,0.49575608200269294
0.15183550703897009,0.8481644929610299
0.22066807158556156,0.7793319284144384
0.5873671156731253,0.4126328843268747
0.3559173075831734,0.6440826924168266
0.037890212562097014,0.962109787437903
0.3796727471013346,0.6203272528986654
0.06860811774487208,0.9313918822551279
0.6467446711894984,0.35325532881050165
0.02399877645227544,0.9760012235477246
0.6285023368963494,0.37149766310365057
0.7742394900285533,0.22576050997144667
0.024942867752635323,0.9750571322473647
0.5685188812089246,0.4314811187910755
0.21808594060283681,0.7819140593971632
0.6479425275383738,0.3520574724616262
0.7439898163358538,0.25601018366414624
0.08848090373296169,0.9115190962670383
0.5994361023353301,0.4005638976646699
0.6800542361642304,0.31994576383576956
0.6232789051839072,0.37672109481609284
0.6530841366241609,0.3469158633758392
0.4664087217776337,0.5335912782223663
0.0615029238723267,0.9384970761276733
0.23662710944361187,0.7633728905563881
0.18805211416711043,0.8119478858328896
0.4343683826037471,0.5656316173962529
0.03144376821789474,0.9685562317821053
0.04676444752383202,0.953235552476168
0.7179194162979965,0.2820805837020035
0.19971116530699218,0.8002888346930078
0.41741907033043235,0.5825809296695676
0.2378913344228497,0.7621086655771503
0.4422005550375774,0.5577994449624226
0.6144180587449004,0.38558194125509965
0.5257893352558045,0.47421066474419543
0.6476085563480825,0.35239144365191755
0.13707345829116024,0.8629265417088398
0.6161408372887285,0.3838591627112715
0.5782381471474003,0.42176185285259976
0.5402163111470955,0.4597836888529045
0.18090415796910453,0.8190958420308955
0.26534956285485445,0.7346504371451456
0.5967760833398493,0.40322391666015067
0.39178245922960164,0.6082175407703984
0.5217012100198786,0.4782987899801214
0.23289157825967088,0.7671084217403291
0.3585243855364896,0.6414756144635104
0.48827898792196645,0.5117210120780336
0.6286167611359526,0.3713832388640475
0.5954330912252916,0.4045669087747084
0.438250931059604,0.561749068940396
0.42206285453223846,0.5779371454677615
0.5585000942895453,0.4414999057104547
0.7178908308971528,0.2821091691028473
0.5549332934080873,0.44506670659191266
0.6918750420848272,0.30812495791517275
0.2918314826415167,0.7081685173584833
0.34007647655506845,0.6599235234449315
0.5064330385103164,0.4935669614896836
0.5730638864352147,0.4269361135647853
0.05663254294620157,0.9433674570537984
0.14688411978395421,0.8531158802160458
0.6774888346687425,0.32251116533125745
0.7096341862800819,0.2903658137199181
0.661615939896532,0.338384060103468
0.5869509792569432,0.41304902074305677
0.5693486016605123,0.4306513983394877
0.030550763013770244,0.9694492369862298
0.6432395424398184,0.3567604575601816
0.7023754739479641,0.29762452605203593
0.6313556549559509,0.36864434504404914
0.37425599618583116,0.6257440038141688
0.6209946030550871,0.37900539694491286
0.42630806948901456,0.5736919305109854
0.5854996966485064,0.4145003033514935
0.12027343140646996,0.87972656859353
0.2259417604217563,0.7740582395782437
0.599961142608896,0.40003885739110395
0.5666642658557519,0.4333357341442481
0.16186597796287117,0.8381340220371288
0.24334902788257506,0.7566509721174249
0.0486138634012957,0.9513861365987043
0.7260239611233708,0.2739760388766292
0.5831353460633796,0.4168646539366204
0.6598236790728655,0.3401763209271344
0.5603966158604029,0.4396033841395971
0.6153828523864762,0.3846171476135238
0.6370369167351282,0.3629630832648718
0.8243444616039234,0.17565553839607664
0.5149597386702081,0.4850402613297919
0.06516596372473016,0.9348340362752698
0.6664050057518287,0.3335949942481713
0.5041200438158527,0.49587995618414726
0.10946689295021605,0.890533107049784
0.4069182485743713,0.5930817514256287
0.029841555252560492,0.9701584447474395
0.6204579195686473,0.37954208043135274
0.5303287555804502,0.46967124441954977
0.5865745119324763,0.41342548806752366
0.6785279687751229,0.3214720312248771
0.5300069884761371,0.4699930115238629
0.2903359669532336,0.7096640330467664
0.2974820995979821,0.7025179004020179
0.6918164767330257,0.30818352326697435
0.2293038710029377,0.7706961289970623
0.7539898197676453,0.24601018023235466
0.3258406674735467,0.6741593325264533
0.7480244701629568,0.25197552983704313
0.23073729198881365,0.7692627080111863
0.4459153986000228,0.5540846013999772
0.7288093221112919,0.27119067788870804
0.40329277221012394,0.5967072277898761
0.20250238683161048,0.7974976131683895
0.2501083192778132,0.7498916807221868
0.6204383402912954,0.37956165970870454
0.739178066926429,0.2608219330735711
0.11473499950901622,0.8852650004909838
0.5966972381485895,0.4033027618514105
0.32025372329966983,0.6797462767003302
0.1835072838662004,0.8164927161337996
0.2351137321790696,0.7648862678209304
0.5611728918151409,0.43882710818485915
0.3997543911100999,0.6002456088899001
0.728177944579856,0.271822055420144
0.1446357922210898,0.8553642077789102
0.6386773304857666,0.3613226695142334
0.6485565546226437,0.35144344537735633
0.6724520291642649,0.32754797083573506
0.035972113843692366,0.9640278861563076
0.7243570414872536,0.2756429585127464
0.4901084754807402,0.5098915245192598
0.038422548958108704,0.9615774510418913
0.31755605291633004,0.68244394708367
0.2563093024837616,0.7436906975162384
0.4842152003895859,0.5157847996104141
0.6203729064775931,0.3796270935224068
0.5343709736878834,0.4656290263121166
0.18920293349234352,0.8107970665076565
0.5086828417504783,0.4913171582495217
0.7560173798805799,0.2439826201194201
0.6735826938561813,0.32641730614381875
0.061941051042766704,0.9380589489572333
0.4703458348033648,0.5296541651966352
0.7308398796546973,0.2691601203453027
0.33152743764462356,0.6684725623553764
0.04253964097060203,0.957460359029398
0.5021331793618047,0.4978668206381953
0.5049991409404706,0.49500085905952945
0.251959505551124,0.748040494448876
0.15703491695379845,0.8429650830462015
0.3288360831375152,0.6711639168624848
0.4168974467774307,0.5831025532225693
0.6637348879018394,0.3362651120981605
0.372313591646635,0.627686408353365
0.6651690353445493,0.3348309646554507
0.6728342581730058,0.32716574182699415
0.6050078245487358,0.3949921754512642
0.4683031421568926,0.5316968578431074
0.04311787060021499,0.956882129399785
0.4850651956434425,0.5149348043565575
0.5873734862941906,0.41262651370580933
0.4735318677420145,0.5264681322579855
0.4487904930698233,0.5512095069301767
0.6705945652221774,0.3294054347778226
0.384458868941461,0.615541131058539
0.609202233158682,0.39079776684131795
0.6601736683104271,0.3398263316895729
0.6653899572495425,0.3346100427504575
0.6798437357834399,0.32015626421656007
0.21288331844311081,0.7871166815568892
0.395161815993202,0.604838184006798
0.03978839874282192,0.9602116012571781
0.26412072947294996,0.73587927052705
0.7686270156880081,0.23137298431199194
0.1677931816718342,0.8322068183281658
0.17199220044613506,0.8280077995538649
0.035033194236898324,0.9649668057631017
0.5575860154961261,0.4424139845038739
0.411058559971094,0.588941440028906
0.6435727810313585,0.35642721896864143
0.48974324211354203,0.510256757886458
0.7457912294483309,0.2542087705516691
0.54268258505517,0.45731741494482997
0.289757312766049,0.710242687233951
0.2425874439540987,0.7574125560459013
0.1749285415825419,0.8250714584174581
0.040725746263474805,0.9592742537365252
0.16470546479005277,0.8352945352099472
0.46084022260380253,0.5391597773961975
0.4664914295905257,0.5335085704094743
0.5319181372791487,0.4680818627208513
0.12317318091788765,0.8768268190821124
0.7607517485428418,0.2392482514571582
0.12267199720996613,0.8773280027900339
0.35512644237776614,0.6448735576222339
0.44635273562196465,0.5536472643780354
0.42791689041146486,0.5720831095885351
0.052771823821148645,0.9472281761788514
0.6366532306391117,0.3633467693608883
0.25230864612949955,0.7476913538705005
0.7569396350004162,0.2430603649995838
0.725715323367204,0.27428467663279593
0.4811678291357636,0.5188321708642364
0.03450615484516517,0.9654938451548348
0.857347191118323,0.14265280888167703
0.593299327737683,0.40670067226231704
0.5463725780835071,0.45362742191649286
0.3009115187736551,0.6990884812263449
0.5403443027469721,0.45965569725302796
0.6796732776447504,0.3203267223552496
0.6480247794785676,0.35197522052143243
0.46735502726441525,0.5326449727355848
0.5440156095650006,0.45598439043499944
0.1942354852431316,0.8057645147568684
0.16698485599707946,0.8330151440029205
0.25044289072469506,0.749557109275305
0.6002741142147193,0.3997258857852807
0.6769335377349606,0.32306646226503943
0.691111845891647,0.30888815410835296
0.06882735485582814,0.9311726451441719
0.6744788779530728,0.32552112204692724
0.19905242458416295,0.800947575415837
0.1693086942476899,0.8306913057523101
0.07851572859490696,0.921484271405093
0.4876757724228131,0.5123242275771869
0.24541168474762232,0.7545883152523777
0.3935720162615911,0.6064279837384089
0.5092997040786109,0.49070029592138914
0.6389290568272015,0.36107094317279853
0.6387247298363352,0.3612752701636648
0.086282335836662,0.913717664163338
0.6018369946978099,0.39816300530219007
0.7246417451146864,0.2753582548853136
0.27640652406199917,0.7235934759380008
0.2846291677038112,0.7153708322961888
0.6890498796004496,0.31095012039955033
0.33217381551246694,0.6678261844875331
0.4302191051956161,0.5697808948043839
0.5957911336391628,0.40420886636083714
0.2513726863386211,0.7486273136613789
0.19248834115068514,0.8075116588493149
0.26670604772182127,0.7332939522781787
0.07640538639227823,0.9235946136077218
0.5608227177257187,0.4391772822742813
0.6056866692371973,0.3943133307628027
0.45350042646071864,0.5464995735392814
0.31645132651131813,0.6835486734886819
0.22886026180393515,0.77113973819606485
0.669314677170323,0.330685322829677
0.07512658231598257,0.9248734176840174
0.33974876621322714,0.6602512337867729
0.3855853033163468,0.6144146966836532
0.6895791825703448,0.3104208174296552
0.05230320301801905,0.947696796981981
0.04170224976787229,0.9582977502321277
0.47861006834397135,0.5213899316560286
0.2957907960074547,0.7042092039925453
0.2554332729980281,0.7445667270019719
0.46091085843271784,0.5390891415672822
0.4107493359751312,0.5892506640248688
0.6449052565745212,0.3550947434254788
0.3249468997053958,0.6750531002946042
0.7885744305299114,0.21142556947008867
0.45671247137632154,0.5432875286236785
0.6492781669703731,0.35072183302962695
0.1394653711548849,0.8605346288451151
0.0414274952298449,0.9585725047701551
0.3054640844528189,0.6945359155471811
0.5836616133899788,0.41633838661002126
0.5269480964784379,0.47305190352156207
0.6430989221597138,0.35690107784028624
0.1277789408724267,0.8722210591275733
0.5394242687044493,0.46057573129555074
0.48444071727175364,0.5155592827282464
0.05047443544158625,0.9495255645584137
0.5066835835532282,0.4933164164467718
0.1398418844331839,0.8601581155668161
0.5544662353235409,0.4455337646764591
0.42621044135771824,0.5737895586422818
0.2575001701962303,0.7424998298037697
0.577532550666199,0.4224674493338009
0.22132179099824845,0.7786782090017516
0.05121704324588694,0.9487829567541131
0.6936971682982866,0.3063028317017133
0.4791596909276773,0.5208403090723227
0.6352854949339801,0.3647145050660199
0.3814813068268623,0.6185186931731377
0.4730252704135228,0.5269747295864772
0.07747641938875738,0.9225235806112426
0.7307492341870019,0.2692507658129981
0.5216352308467935,0.47836476915320647
0.5397455402698268,0.4602544597301732
0.7125229395039797,0.2874770604960203
0.42836604564618386,0.5716339543538161
0.6037796677217722,0.3962203322782279
0.3764539557079277,0.6235460442920723
0.5709812309011291,0.42901876909887093
0.445141242994171,0.554858757005829
0.755733805439389,0.244266194560611
0.03279978174362119,0.9672002182563788
0.6509025516657982,0.3490974483342017
0.46468605208308433,0.5353139479169157
0.6715988185111097,0.32840118148889036
0.16099666872214025,0.8390033312778598
0.6155474596975115,0.3844525403024886
0.19160780905782437,0.8083921909421756
0.3024112626493328,0.6975887373506672
0.3817312585184227,0.6182687414815773
0.07698383449599511,0.9230161655040049
0.3737531453853503,0.6262468546146497
0.44514938624950984,0.5548506137504902
0.345960163668096,0.654039836331904
0.39905772695717656,0.6009422730428234
0.7370896002319611,0.26291039976803887
0.3316311209220225,0.6683688790779775
0.4753862921312959,0.5246137078687041
0.26644491533588754,0.7335550846641125
0.7419115654939952,0.25808843450600477
0.5029545883163506,0.49704541168364935
0.4770376435917898,0.5229623564082102
0.6778229619513387,0.3221770380486613
0.35311678419326453,0.6468832158067355
0.7441485174160761,0.2558514825839239
0.1425396983299052,0.8574603016700948
0.60612096870686,0.39387903129313995
0.625952774598967,0.374047225401033
0.47018227303197735,0.5298177269680227
0.822541968917097,0.17745803108290298
0.6515388046059943,0.34846119539400566
0.5779364452560427,0.42206355474395724
0.6318524686129631,0.36814753138703693
0.044355807687687876,0.9556441923123121
0.6858903086297183,0.31410969137028166
0.08362865717595425,0.9163713428240458
0.19922217297912925,0.8007778270208707
0.4017357462429416,0.5982642537570584
0.52866512246749,0.47133487753251
0.4788746691795437,0.5211253308204563
0.18416192113488705,0.815838078865113
0.7096179389362969,0.29038206106370307
0.33476346630491716,0.6652365336950828
0.29167830389250715,0.7083216961074928
0.7114614615912316,0.28853853840876836
0.19189184376674773,0.8081081562332523
0.7089037838441732,0.29109621615582687
0.25931830107203424,0.7406816989279658
0.5284659892292269,0.4715340107707731
0.49381466737090673,0.5061853326290933
0.5407173583924958,0.45928264160750426
0.7074271329982118,0.29257286700178825
0.639029145086742,0.36097085491325803
0.6432540511971674,0.35674594880283267
0.03691561725205683,0.9630843827479432
0.4536460605702872,0.5463539394297128
0.6907924166019419,0.30920758339805804
0.6093087582846903,0.3906912417153096
0.26594545866410046,0.7340545413358995
0.4537522993610337,0.5462477006389663
0.3578709702125181,0.6421290297874819
0.05234718768181079,0.9476528123181892
0.5126250568347357,0.48737494316526436
0.35848348045840484,0.6415165195415952
0.6466038456492081,0.35339615435079186
0.335247661505088,0.664752338494912
0.603132977493219,0.39686702250678096
0.36533216398757573,0.6346678360124243
0.6686552749963772,0.3313447250036227
0.41086717571467035,0.5891328242853296
0.7585371977790633,0.24146280222093672
0.6178178308544287,0.38218216914557135
0.1767347720271123,0.8232652279728877
0.47423377729139327,0.5257662227086067
0.7547230519373075,0.24527694806269254
0.08181363416920484,0.9181863658307952
0.6423569367730185,0.3576430632269815
0.43415372283680465,0.5658462771631954
0.5585206701278033,0.44147932987219674
0.6400673029308466,0.35993269706915343
0.20640084019983684,0.7935991598001632
0.5410687422426527,0.45893125775734733
0.6715292505315642,0.32847074946843585
0.2816528838591277,0.7183471161408723
0.43328399024055686,0.5667160097594431
0.3430307524704119,0.6569692475295881
0.2541170205965684,0.7458829794034316
0.29032402235155064,0.7096759776484494
0.7559659182073217,0.24403408179267821
0.48597903585643565,0.5140209641435644
0.5233461515229484,0.4766538484770516
0.38736215021592013,0.6126378497840799
0.37701006059694187,0.6229899394030581
0.016850247518470973,0.983149752481529
0.12844966127215884,0.8715503387278412
0.4539100213631746,0.5460899786368254
0.49050539546210725,0.5094946045378927
0.5111838615560009,0.48881613844399907
0.5955150137971708,0.4044849862028293
0.22921919016018732,0.7707808098398127
0.5786284083048534,0.4213715916951466
0.6572948707915991,0.3427051292084009
0.6494796094221748,0.35052039057782525
0.7030027422796836,0.29699725772031643
0.10491582716153602,0.895084172838464
0.6563780047747902,0.3436219952252098
0.12682364858746908,0.8731763514125309
0.6503279798542715,0.3496720201457285
0.41047753998651637,0.5895224600134836
0.23870931516715066,0.7612906848328493
0.5096433012410494,0.4903566987589506
0.5063983763295947,0.4936016236704053
0.1430062759860461,0.8569937240139539
0.14751822586210417,0.8524817741378958
0.38196965750844036,0.6180303424915596
0.6012211961753159,0.3987788038246841
0.6913700898658262,0.3086299101341739
0.6815189968287254,0.31848100317127465
0.7103705711540238,0.28962942884597626
0.14466483219557547,0.8553351678044245
0.08104740731316795,0.918952592686832
0.5403877036548117,0.45961229634518835
0.2211573182833233,0.7788426817166767
0.6696088331227538,0.33039116687724623
0.23242738814988928,0.7675726118501107
0.38542577544646817,0.6145742245535318
0.11463721964099605,0.885362780359004
0.7862157057448523,0.21378429425514767
0.48049285981359513,0.5195071401864049
0.28040113439272707,0.7195988656072729
0.5575430577641958,0.44245694223580423
0.7043959893247637,0.29560401067523634
0.41588763302029497,0.584112366979705
0.034422512364042146,0.9655774876359579
0.21186494047842042,0.7881350595215796
0.43259251350907935,0.5674074864909207
0.03698600017652465,0.9630139998234754
0.3786169745460788,0.6213830254539212
0.3795660272954381,0.6204339727045619
0.7211993977120887,0.2788006022879112
0.7360227275844445,0.26397727241555546
0.15336263605964962,0.8466373639403504
0.6121462499768241,0.3878537500231759
0.09088106516000494,0.9091189348399951
0.27528617326664506,0.7247138267333549
0.23888569818335315,0.7611143018166469
0.5896358461700464,0.4103641538299536
0.6467683463735067,0.35323165362649334
0.6445895688960959,0.3554104311039042
0.52523831503091,0.47476168496909
0.08788739067861662,0.9121126093213834
0.5650484833654951,0.43495151663450493
0.4478766359190123,0.5521233640809877
0.6334134584744211,0.36658654152557896
0.5919178043700966,0.40808219562990344
0.765596749350826,0.23440325064917406
0.6992875815392181,0.3007124184607819
0.6949679925728136,0.30503200742718645
0.45044871420848775,0.5495512857915122
0.43443805167795546,0.5655619483220445
0.6843546291874497,0.3156453708125503
0.42867053345673345,0.5713294665432666
0.4303557013925552,0.5696442986074448
0.24074237022337786,0.7592576297766221
0.397447024014163,0.602552975985837
0.15318473971425373,0.8468152602857463
0.7682246199295034,0.23177538007049656
0.05421608562119451,0.9457839143788055
0.15882366914227541,0.8411763308577246
0.3895693946142794,0.6104306053857206
0.08827896209894315,0.9117210379010569
0.11238668302654953,0.8876133169734505
0.19372586191145136,0.8062741380885486
0.3496621728461752,0.6503378271538248
0.6611302740227336,0.33886972597726644
0.553245583943708,0.4467544160562919
0.4075794660326232,0.5924205339673768
0.09827018161641743,0.9017298183835826
0.04352420078084185,0.9564757992191582
0.17540515624566344,0.8245948437543366
0.6000023148938098,0.3999976851061901
0.7896750981040525,0.21032490189594755
0.36768133563474625,0.6323186643652537
0.4412670077722701,0.5587329922277299
0.6092608926821772,0.39073910731782285
0.4262943421339067,0.5737056578660933
0.0684433530755213,0.9315566469244787
0.06818651610311155,0.9318134838968885
0.659428071708039,0.3405719282919611
0.17949437560403725,0.8205056243959628
0.6280181748387753,0.3719818251612247
0.5656129796381184,0.43438702036188165
0.7045462334985153,0.2954537665014847
0.8211290410656744,0.17887095893432559
0.46060397797291264,0.5393960220270874
0.5713848038834208,0.42861519611657917
0.044084806586954683,0.9559151934130453
0.5933289772178441,0.40667102278215594
0.3191546448171223,0.6808453551828777
0.03842680900956408,0.9615731909904359
0.580289307918844,0.4197106920811559
0.19455203915901131,0.8054479608409887
0.6069497668803061,0.39305023311969395
0.16337163742901561,0.8366283625709844
0.7461301459403819,0.25386985405961815
0.39173606675386674,0.6082639332461333
0.314386398666176,0.685613601333824
0.5380136676233933,0.4619863323766067
0.54078922536663665,0.4592107746333633
0.7136619707929073,0.2863380292070928
0.3008495888656434,0.6991504111343566
0.35816125080736305,0.641838749192637
0.1582825914420699,0.8417174085579301
0.5364684102275508,0.4635315897724492
0.37594530591769193,0.6240546940823081
0.5711438300585848,0.4288561699414152
0.13733399338511532,0.8626660066148847
0.5810700877840851,0.41892991221591497
0.34825588258356366,0.6517441174164363
0.24150430985595406,0.7584956901440459
0.38656130745233086,0.6134386925476691
0.5828911595241881,0.4171088404758119
0.6498176530256085,0.35018234697439155
0.20181498335509673,0.7981850166449033
0.7364642573048419,0.26353574269515806
0.8007529788380456,0.19924702116195436
0.6989378470019989,0.30106215299800104
0.2247858614724011,0.7752141385275989
0.421859101898698,0.578140898101302
0.27495195422161667,0.7250480457783833
0.6622817319258849,0.33771826807411504
0.6156931189363616,0.3843068810636384
0.6205197818122763,0.37948021818772376
0.05707436169922808,0.9429256383007719
0.19608050603832172,0.8039194939616783
0.5683783665974094,0.4316216334025907
0.49416750256927644,0.5058324974307236
0.5684856107698614,0.43151438923013863
0.08993161791412607,0.9100683820858739
0.031184584616897104,0.9688154153831029
0.15212287963465698,0.847877120365343
0.6241519189069586,0.3758480810930413
0.3865720816236333,0.6134279183763667
0.2762252554037903,0.7237747445962097
0.06957019331769232,0.9304298066823077
0.48375503539332976,0.5162449646066702
0.41019490354782595,0.589805096452174
0.4434715761312177,0.5565284238687823
0.6269579747961629,0.3730420252038371
0.6616999818031495,0.33830001819685046
0.09814823474520706,0.9018517652547929
0.02486159232890539,0.9751384076710946
0.6403747775486042,0.3596252224513958
0.6410631619647748,0.35893683803522525
0.6814696206713795,0.3185303793286205
0.3159459665768748,0.6840540334231252
0.38157275322291173,0.6184272467770883
0.07553373268552155,0.9244662673144785
0.7101989744634829,0.28980102553651704
0.2144296926809287,0.7855703073190713
0.6353928712302235,0.36460712876977647
0.6675208422617939,0.33247915773820613
0.11174767285876053,0.8882523271412395
0.7272069239374686,0.2727930760625315
0.6796912894081297,0.3203087105918703
0.3469309083274047,0.6530690916725953
0.2695220794194476,0.7304779205805524
0.04373608392472095,0.956263916075279
0.49425677970461335,0.5057432202953867
0.37561486791572496,0.624385132084275
0.7636304639918615,0.23636953600813848
0.6434738418938184,0.3565261581061816
0.17250097869063807,0.8274990213093619
0.5890858330330297,0.4109141669669702
0.10229014012893745,0.8977098598710626
0.478693324486857,0.521306675513143
0.640941434166107,0.3590585658338929
0.1106688186259932,0.8893311813740068
0.08632124385402662,0.9136787561459734
0.700077659351614,0.299922340648386
0.35684596534881297,0.643154034651187
0.452975837633142,0.547024162366858
0.17210758626722733,0.8278924137327727
0.33960504905204736,0.6603949509479526
0.668496657195785,0.331503342804215
0.4797911961291411,0.5202088038708589
0.13234877242073728,0.8676512275792627
0.47308873332569734,0.5269112666743027
0.42189073252840337,0.5781092674715966
0.49061559662008336,0.5093844033799166
0.033293016777383055,0.96670698322261694
0.7715768231158397,0.22842317688416025
0.5224706741491266,0.4775293258508734
0.8041773950030602,0.19582260499693985
0.57849261330321,0.42150738669678994
0.1070921435826463,0.8929078564173537
0.6567053108876514,0.3432946891123486
0.05714174067908295,0.942858259320917
0.6483979609148689,0.35160203908513116
0.5115417794374763,0.48845822056252375
0.6232497725721942,0.3767502274278058
0.6859135871470639,0.3140864128529362
0.3624384888320461,0.6375615111679539
0.12852379477119902,0.871476205228801
0.624092512532474,0.375907487467526
0.5020225439714838,0.49797745602851623
0.1319196556453962,0.8680803443546038
0.5673573886210606,0.43264261137893945
0.2922513653654588,0.7077486346345412
0.15634586019418584,0.8436541398058142
0.274227159369825,0.725772840630175
0.7316669088265929,0.2683330911734071
0.480406153217555,0.519593846782445
0.5551251525870683,0.4448748474129317
0.2687310580104023,0.7312689419895977
0.26837944617302,0.73162055382698
0.06905118384172793,0.9309488161582721
0.3967898002602508,0.6032101997397492
0.03844448679369916,0.9615555132063008
0.7227667760372498,0.27723322396275024
0.4209374214194932,0.5790625785805068
0.5360509622967442,0.46394903770325574
0.6675942167737848,0.33240578322621517
0.26382899734590126,0.7361710026540987
0.31047136162869016,0.6895286383713098
0.27012596224804986,0.7298740377519501
0.7163078855620026,0.28369211443799736
0.2469670352685056,0.7530329647314944
0.3243922599547229,0.6756077400452771
0.6911241004139005,0.3088758995860995
0.5577523151365814,0.4422476848634186
0.7351703526560159,0.26482964734398406
0.4921523857195129,0.5078476142804871
0.1695461261252994,0.8304538738747006
0.6560983008150014,0.3439016991849985
0.5950517632950916,0.4049482367049085
0.08156578928469238,0.9184342107153076
0.022609376106049184,0.9773906238939508
0.6220678979656666,0.3779321020343333
0.033208781033820856,0.9667912189661791
0.18751034305389158,0.8124896569461084
0.5646410849768688,0.4353589150231311
0.05873473202882362,0.9412652679711764
0.779508658061442,0.22049134193855804
0.5790991055111324,0.4209008944888676
0.7056000425582019,0.29439995744179814
0.8236318860447474,0.17636811395525268
0.5736419346848438,0.4263580653151562
0.5018382950380513,0.4981617049619487
0.4658395895963213,0.5341604104036787
0.06547733300359593,0.9345226669964041
0.5577798581488056,0.44222014185119446
0.4893610425122614,0.5106389574877386
0.47540823093127926,0.5245917690687207
0.03806574955796782,0.9619342504420322
0.1854452481873703,0.8145547518126297
0.4266895008809254,0.5733104991190746
0.11229854181311116,0.8877014581868888
0.4301672518037405,0.5698327481962595
0.722090326459061,0.27790967354093893
0.6615215234012367,0.3384784765987633
0.4122076392201326,0.5877923607798674
0.13739041316509704,0.862609586834903
0.5834246396565563,0.4165753603434437
0.035478960642465474,0.9645210393575345
0.6475193178302584,0.3524806821697416
0.42284349700655566,0.5771565029934443
0.36826135459069964,0.6317386454093004
0.39399956416829585,0.6060004358317042
0.5737366015301923,0.42626339846980765
0.14652381290550331,0.8534761870944967
0.3893208930504397,0.6106791069495603
0.072781588450194,0.927218411549806
0.5010129160335088,0.4989870839664912
0.10284653932819521,0.8971534606718048
0.6073036446803082,0.39269635531969177
0.20384834154215958,0.7961516584578404
0.43339475255557036,0.5666052474444296
0.4835171221882091,0.5164828778117909
0.33264269991098105,0.667357300089019
0.3412194371905841,0.6587805628094159
0.3059077463487889,0.6940922536512111
0.6985809264167272,0.3014190735832728
0.5586686805370589,0.44133131946294113
0.43396808228652006,0.5660319177134799
0.36437057686990304,0.635629423130097
0.07535778035492968,0.9246422196450703
0.2067258586798011,0.7932741413201989
0.7934536538101145,0.20654634618988557
0.4421471421351445,0.5578528578648555
0.0629024653259993,0.9370975346740007
0.021565478621702883,0.9784345213782971
0.7356679255926426,0.2643320744073574
0.19412859894315393,0.8058714010568461
0.7435442865562023,0.25645571344379775
0.05098966097138624,0.9490103390286138
0.6559364684814877,0.34406353151851227
0.6841216304808163,0.3158783695191837
0.5321378607807066,0.46786213921929337
0.6572409964574739,0.34275900354252603
0.7268893186157135,0.27311068138428657
0.06181386211506634,0.9381861378849337
0.6371254985742945,0.3628745014257056
0.051868789841106544,0.9481312101588935
0.6821069255333247,0.31789307446667525
0.06749439931170953,0.9325056006882905
0.7020658094475527,0.29793419055244735
0.15649120978780962,0.8435087902121904
0.5853823046698496,0.4146176953301504
0.046265075341662465,0.9537349246583375
0.17441615996466664,0.8255838400353334
0.10760031029085304,0.892399689709147
0.4333005409139371,0.5666994590860629
0.7315672250384133,0.26843277496158663
0.6137357674085951,0.38626423259140485
0.531423483689698,0.46857651631030195
0.6107097836505057,0.38929021634949434
0.09058256821712507,0.9094174317828749
0.5095265213416734,0.4904734786583266
0.07097527932762471,0.9290247206723753
0.733517377452025,0.26648262254797495
0.17900730409340793,0.8209926959065921
0.7365121251500188,0.2634878748499812
0.5574434620897588,0.44255653791024113
0.30515965118003197,0.694840348819968
0.5609196020941722,0.4390803979058277
0.600867256065257,0.39913274393474296
0.48407732036356577,0.5159226796364342
0.4665365326662484,0.5334634673337516
0.5108319437196309,0.4891680562803691
0.07836580302366747,0.9216341969763325
0.35322510035861643,0.6467748996413836
0.40621324291525396,0.593786757084746
0.6970486833741268,0.30295131662587316
0.6343216605692432,0.3656783394307568
0.2063000977762921,0.7936999022237079
0.3967165779610582,0.6032834220389418
0.759577650751258,0.24042234924874192
0.5243065003322214,0.4756934996677787
0.7160266425724245,0.28397335742757546
0.09483805931252687,0.9051619406874731
0.6578087849356218,0.3421912150643782
0.6356811485582261,0.36431885144177395
0.12894006358000487,0.8710599364199951
0.41258289095211165,0.5874171090478884
0.5540569601499288,0.4459430398500713
0.17319962779527842,0.8268003722047216
0.48252029570634036,0.5174797042936596
0.5056236482051999,0.4943763517948001
0.11151362287240996,0.88848637712759
0.5312545298540872,0.4687454701459128
0.11978212459218662,0.8802178754078134
0.7751852697002519,0.22481473029974813
0.08345368176007395,0.916546318239926
0.5199221863975809,0.4800778136024191
0.5672656364499444,0.4327343635500555
0.785649166120481,0.21435083387951903
0.2142328126888442,0.7857671873111558
0.15468260487154484,0.8453173951284552
0.4610145414758351,0.5389854585241649
0.6488547582454163,0.3511452417545837
0.40245960976719664,0.5975403902328034
0.5152319504708405,0.4847680495291596
0.11014878179566412,0.8898512182043359
0.3054184383735571,0.6945815616264429
0.4849165493759877,0.5150834506240123
0.6439358350335707,0.3560641649664293
0.3057252983020322,0.6942747016979678
0.028232602925691408,0.9717673970743086
0.08196388682201738,0.9180361131779826
0.4484595595736456,0.5515404404263544
0.6351171047526409,0.3648828952473591
0.03156784423107628,0.9684321557689237
0.3139867824291711,0.6860132175708289
0.46447389971040065,0.5355261002895993
0.34945607375488197,0.650543926245118
0.030016272388346033,0.969983727611654
0.43579437271926325,0.5642056272807368
0.5511680750924466,0.44883192490755336
0.531768063807967,0.46823193619203296
0.6851954500992047,0.3148045499007953
0.41961737240917063,0.5803826275908294
0.6655295107397594,0.33447048926024053
0.5121625622315933,0.48783743776840677
0.4984703741677683,0.5015296258322317
0.13952851370181474,0.8604714862981853
0.642378474224613,0.35762152577538703
0.28933243007323384,0.7106675699267662
0.5647871208524439,0.43521287914755613
0.05419930433157161,0.9458006956684284
0.5685363350803215,0.43146366491967847
0.03624881153221082,0.9637511884677892
0.350704496927674,0.649295503072326
0.20948460856658002,0.79051539143342
0.36358753058891913,0.6364124694110809
0.45741508615215665,0.5425849138478434
0.2849890408747868,0.7150109591252132
0.03757399513472082,0.9624260048652792
0.17483213799917796,0.825167862000822
0.07790319349352581,0.9220968065064742
0.491643767504662,0.508356232495338
0.02581880897231026,0.9741811910276897
0.5128316028091362,0.48716839719086386
0.723334124883037,0.27666587511696294
0.5281769556391197,0.4718230443608803
0.6045487615466809,0.3954512384533191
0.47514120023633855,0.5248587997636615
0.5836607958607174,0.41633920413928255
0.6819033571131533,0.3180966428868467
0.6281113102044165,0.37188868979558354
0.059001560906487116,0.9409984390935129
0.09882091681885607,0.9011790831811439
0.5788910397637146,0.42110896023628536
0.5719395083229653,0.4280604916770348
0.6050449433758947,0.3949550566241054
0.7386091494254293,0.2613908505745707
0.0782103633930723,0.9217896366069277
0.6140951016825568,0.38590489831744323
0.15279228698415703,0.847207713015843
0.06898342572046778,0.9310165742795322
0.3170386216815889,0.6829613783184111
0.6023453693018075,0.3976546306981925
0.08080670555987646,0.9191932944401235
0.7166852824297969,0.28331471757020316
0.06383939384175907,0.9361606061582409
0.727149328071845,0.27285067192815504
0.5519799774263555,0.4480200225736445
0.47120065381474285,0.5287993461852571
0.5624697813250854,0.43753021867491465
0.7155081613847909,0.28449183861520916
0.3350066214347688,0.6649933785652312
0.24999145360153963,0.7500085463984604
0.036558957983979345,0.9634410420160207
0.6486557855494992,0.3513442144505008
0.6259755826197707,0.3740244173802293
0.5295864950073783,0.4704135049926217
0.452324753564434,0.547675246435566
0.4494135148481211,0.5505864851518789
0.378015801015431,0.621984198984569
0.710672623841226,0.2893273761587741
0.3641622725686171,0.6358377274313829
0.6691168878262123,0.33088311217378774
0.03122964469659384,0.9687703553034062
0.03524850119483203,0.964751498805168
0.6075652449476705,0.3924347550523295
0.5030324462732076,0.49696755372679235
0.5756855364969689,0.4243144635030311
0.8451395854210583,0.15486041457894176
0.0596047599477495,0.9403952400522505
0.4877186839608454,0.5122813160391546
0.628898486639707,0.37110151336029296
0.5602644332494631,0.43973556675053693
0.6417329433683792,0.3582670566316209
0.2854741719908005,0.7145258280091995
0.40187233033862757,0.5981276696613724
0.34230614864680553,0.6576938513531945
0.7365251282223483,0.2634748717776517
0.6620615002126855,0.33793849978731444
0.7526895403759892,0.2473104596240108
0.11224276310143999,0.88775723689856
0.44387238629970494,0.5561276137002951
0.6998167724091604,0.30018322759083954
0.5927971535077894,0.40720284649221056
0.3814926223816075,0.6185073776183925
0.0447502452466213,0.9552497547533787
0.7726256197197119,0.2273743802802881
0.4480871054873553,0.5519128945126447
0.6260543060725379,0.3739456939274622
0.16186523593177982,0.8381347640682202
0.4127422440680871,0.5872577559319129
0.49018867487294204,0.509811325127058
0.5653310847746058,0.43466891522539425
0.5370299172765911,0.4629700827234089
0.4928969142026409,0.5071030857973591
0.5016365501491599,0.49836344985084013
0.0365527040319753,0.9634472959680247
0.43497938827072224,0.5650206117292778
0.4151637076322343,0.5848362923677657
